INSERT INTO `user` (`id`,`openid`,`unionid`,`nickname`,`avatar_url`,`status`,`created_at`,`updated_at`) VALUES (1000000000000001,'wx_openid_001','wx_union_001','大聪明','https://smartrecord.oss-cn-hangzhou.aliyuncs.com/avatar/001.png',0,'2026-01-15 10:00:00','2026-01-15 10:00:00');
INSERT INTO `user` (`id`,`openid`,`unionid`,`nickname`,`avatar_url`,`status`,`created_at`,`updated_at`) VALUES (1000000000000002,'wx_openid_002','wx_union_002','小幸运','https://smartrecord.oss-cn-hangzhou.aliyuncs.com/avatar/002.png',0,'2026-01-15 10:00:00','2026-01-15 10:00:00');
INSERT INTO `user` (`id`,`openid`,`unionid`,`nickname`,`avatar_url`,`status`,`created_at`,`updated_at`) VALUES (1000000000000003,'wx_openid_003','wx_union_003','麻将王','https://smartrecord.oss-cn-hangzhou.aliyuncs.com/avatar/003.png',0,'2026-01-15 10:00:00','2026-01-15 10:00:00');
INSERT INTO `user` (`id`,`openid`,`unionid`,`nickname`,`avatar_url`,`status`,`created_at`,`updated_at`) VALUES (1000000000000004,'wx_openid_004','wx_union_004','扑克脸','https://smartrecord.oss-cn-hangzhou.aliyuncs.com/avatar/004.png',0,'2026-01-15 10:00:00','2026-01-15 10:00:00');
INSERT INTO `user` (`id`,`openid`,`unionid`,`nickname`,`avatar_url`,`status`,`created_at`,`updated_at`) VALUES (1000000000000005,'wx_openid_005','wx_union_005','记分员','https://smartrecord.oss-cn-hangzhou.aliyuncs.com/avatar/005.png',0,'2026-01-15 10:00:00','2026-01-15 10:00:00');
INSERT INTO `user` (`id`,`openid`,`unionid`,`nickname`,`avatar_url`,`status`,`created_at`,`updated_at`) VALUES (1000000000000006,'wx_openid_006','wx_union_006','桌游达人','https://smartrecord.oss-cn-hangzhou.aliyuncs.com/avatar/006.png',0,'2026-01-15 10:00:00','2026-01-15 10:00:00');
INSERT INTO `user` (`id`,`openid`,`unionid`,`nickname`,`avatar_url`,`status`,`created_at`,`updated_at`) VALUES (1000000000000007,'wx_openid_007','wx_union_007','策略家','https://smartrecord.oss-cn-hangzhou.aliyuncs.com/avatar/007.png',0,'2026-01-15 10:00:00','2026-01-15 10:00:00');
INSERT INTO `user` (`id`,`openid`,`unionid`,`nickname`,`avatar_url`,`status`,`created_at`,`updated_at`) VALUES (1000000000000008,'wx_openid_008','wx_union_008','观战者','https://smartrecord.oss-cn-hangzhou.aliyuncs.com/avatar/008.png',0,'2026-01-15 10:00:00','2026-01-15 10:00:00');
INSERT INTO `user` (`id`,`openid`,`unionid`,`nickname`,`avatar_url`,`status`,`created_at`,`updated_at`) VALUES (1000000000000009,'wx_openid_009','wx_union_009','新来的','',0,'2026-01-15 10:00:00','2026-01-15 10:00:00');
INSERT INTO `user` (`id`,`openid`,`unionid`,`nickname`,`avatar_url`,`status`,`created_at`,`updated_at`) VALUES (1000000000000010,'wx_openid_010','wx_union_010','老玩家','https://smartrecord.oss-cn-hangzhou.aliyuncs.com/avatar/010.png',0,'2026-01-15 10:00:00','2026-01-15 10:00:00');
INSERT INTO `user` (`id`,`openid`,`unionid`,`nickname`,`avatar_url`,`status`,`created_at`,`updated_at`) VALUES (1000000000000011,'wx_openid_011','wx_union_011','淡定哥','https://smartrecord.oss-cn-hangzhou.aliyuncs.com/avatar/011.png',0,'2026-01-15 10:00:00','2026-01-15 10:00:00');
INSERT INTO `user` (`id`,`openid`,`unionid`,`nickname`,`avatar_url`,`status`,`created_at`,`updated_at`) VALUES (1000000000000012,'wx_openid_012','wx_union_012','暴躁姐','https://smartrecord.oss-cn-hangzhou.aliyuncs.com/avatar/012.png',0,'2026-01-15 10:00:00','2026-01-15 10:00:00');
INSERT INTO `user` (`id`,`openid`,`unionid`,`nickname`,`avatar_url`,`status`,`created_at`,`updated_at`) VALUES (1000000000000013,'wx_openid_013','wx_union_013','佛系玩家','',0,'2026-01-15 10:00:00','2026-01-15 10:00:00');
INSERT INTO `user` (`id`,`openid`,`unionid`,`nickname`,`avatar_url`,`status`,`created_at`,`updated_at`) VALUES (1000000000000014,'wx_openid_014','wx_union_014','数据控','https://smartrecord.oss-cn-hangzhou.aliyuncs.com/avatar/014.png',0,'2026-01-15 10:00:00','2026-01-15 10:00:00');
INSERT INTO `user` (`id`,`openid`,`unionid`,`nickname`,`avatar_url`,`status`,`created_at`,`updated_at`) VALUES (1000000000000015,'wx_openid_015','wx_union_015','随机手','https://smartrecord.oss-cn-hangzhou.aliyuncs.com/avatar/015.png',0,'2026-01-15 10:00:00','2026-01-15 10:00:00');
INSERT INTO `user` (`id`,`openid`,`unionid`,`nickname`,`avatar_url`,`status`,`created_at`,`updated_at`) VALUES (1000000000000016,'wx_openid_016','wx_union_016','速算王','https://smartrecord.oss-cn-hangzhou.aliyuncs.com/avatar/016.png',0,'2026-01-15 10:00:00','2026-01-15 10:00:00');
INSERT INTO `user` (`id`,`openid`,`unionid`,`nickname`,`avatar_url`,`status`,`created_at`,`updated_at`) VALUES (1000000000000017,'wx_openid_017','wx_union_017','夜猫子','https://smartrecord.oss-cn-hangzhou.aliyuncs.com/avatar/017.png',0,'2026-01-15 10:00:00','2026-01-15 10:00:00');
INSERT INTO `user` (`id`,`openid`,`unionid`,`nickname`,`avatar_url`,`status`,`created_at`,`updated_at`) VALUES (1000000000000018,'wx_openid_018','wx_union_018','早起鸟','https://smartrecord.oss-cn-hangzhou.aliyuncs.com/avatar/018.png',0,'2026-01-15 10:00:00','2026-01-15 10:00:00');
INSERT INTO `user` (`id`,`openid`,`unionid`,`nickname`,`avatar_url`,`status`,`created_at`,`updated_at`) VALUES (1000000000000019,'wx_openid_019','wx_union_019','沙发客','',0,'2026-01-15 10:00:00','2026-01-15 10:00:00');
INSERT INTO `user` (`id`,`openid`,`unionid`,`nickname`,`avatar_url`,`status`,`created_at`,`updated_at`) VALUES (1000000000000020,'wx_openid_020','wx_union_020','排行榜','https://smartrecord.oss-cn-hangzhou.aliyuncs.com/avatar/020.png',0,'2026-01-15 10:00:00','2026-01-15 10:00:00');
INSERT INTO `user` (`id`,`openid`,`unionid`,`nickname`,`avatar_url`,`status`,`created_at`,`updated_at`) VALUES (1000000000000021,'wx_openid_021','wx_union_021','小透明','https://smartrecord.oss-cn-hangzhou.aliyuncs.com/avatar/021.png',0,'2026-01-15 10:00:00','2026-01-15 10:00:00');
INSERT INTO `user` (`id`,`openid`,`unionid`,`nickname`,`avatar_url`,`status`,`created_at`,`updated_at`) VALUES (1000000000000022,'wx_openid_022','wx_union_022','隐藏大佬','https://smartrecord.oss-cn-hangzhou.aliyuncs.com/avatar/022.png',0,'2026-01-15 10:00:00','2026-01-15 10:00:00');
INSERT INTO `user` (`id`,`openid`,`unionid`,`nickname`,`avatar_url`,`status`,`created_at`,`updated_at`) VALUES (1000000000000023,'wx_openid_023','wx_union_023','咸鱼王','https://smartrecord.oss-cn-hangzhou.aliyuncs.com/avatar/023.png',0,'2026-01-15 10:00:00','2026-01-15 10:00:00');
INSERT INTO `user` (`id`,`openid`,`unionid`,`nickname`,`avatar_url`,`status`,`created_at`,`updated_at`) VALUES (1000000000000024,'wx_openid_024','wx_union_024','新人甲','',0,'2026-01-15 10:00:00','2026-01-15 10:00:00');
INSERT INTO `user` (`id`,`openid`,`unionid`,`nickname`,`avatar_url`,`status`,`created_at`,`updated_at`) VALUES (1000000000000025,'wx_openid_025','wx_union_025','新人乙','',0,'2026-01-15 10:00:00','2026-01-15 10:00:00');
INSERT INTO `user_detail` (`id`,`voice_enabled`,`voice_id`,`anim_enabled`,`vibrate_enabled`,`created_at`,`updated_at`) VALUES (1000000000000001,0,'std_01',0,1,'2026-01-15 10:00:00','2026-01-15 10:00:00');
INSERT INTO `user_detail` (`id`,`voice_enabled`,`voice_id`,`anim_enabled`,`vibrate_enabled`,`created_at`,`updated_at`) VALUES (1000000000000002,0,'std_02',0,0,'2026-01-15 10:00:00','2026-01-15 10:00:00');
INSERT INTO `user_detail` (`id`,`voice_enabled`,`voice_id`,`anim_enabled`,`vibrate_enabled`,`created_at`,`updated_at`) VALUES (1000000000000003,0,'std_03',0,1,'2026-01-15 10:00:00','2026-01-15 10:00:00');
INSERT INTO `user_detail` (`id`,`voice_enabled`,`voice_id`,`anim_enabled`,`vibrate_enabled`,`created_at`,`updated_at`) VALUES (1000000000000004,0,'std_04',0,0,'2026-01-15 10:00:00','2026-01-15 10:00:00');
INSERT INTO `user_detail` (`id`,`voice_enabled`,`voice_id`,`anim_enabled`,`vibrate_enabled`,`created_at`,`updated_at`) VALUES (1000000000000005,0,'std_05',0,0,'2026-01-15 10:00:00','2026-01-15 10:00:00');
INSERT INTO `user_detail` (`id`,`voice_enabled`,`voice_id`,`anim_enabled`,`vibrate_enabled`,`created_at`,`updated_at`) VALUES (1000000000000006,0,'std_01',1,0,'2026-01-15 10:00:00','2026-01-15 10:00:00');
INSERT INTO `user_detail` (`id`,`voice_enabled`,`voice_id`,`anim_enabled`,`vibrate_enabled`,`created_at`,`updated_at`) VALUES (1000000000000007,1,'std_02',1,0,'2026-01-15 10:00:00','2026-01-15 10:00:00');
INSERT INTO `user_detail` (`id`,`voice_enabled`,`voice_id`,`anim_enabled`,`vibrate_enabled`,`created_at`,`updated_at`) VALUES (1000000000000008,0,'std_03',1,1,'2026-01-15 10:00:00','2026-01-15 10:00:00');
INSERT INTO `user_detail` (`id`,`voice_enabled`,`voice_id`,`anim_enabled`,`vibrate_enabled`,`created_at`,`updated_at`) VALUES (1000000000000009,1,'std_04',0,0,'2026-01-15 10:00:00','2026-01-15 10:00:00');
INSERT INTO `user_detail` (`id`,`voice_enabled`,`voice_id`,`anim_enabled`,`vibrate_enabled`,`created_at`,`updated_at`) VALUES (1000000000000010,1,'std_05',0,0,'2026-01-15 10:00:00','2026-01-15 10:00:00');
INSERT INTO `user_detail` (`id`,`voice_enabled`,`voice_id`,`anim_enabled`,`vibrate_enabled`,`created_at`,`updated_at`) VALUES (1000000000000011,1,'std_01',0,1,'2026-01-15 10:00:00','2026-01-15 10:00:00');
INSERT INTO `user_detail` (`id`,`voice_enabled`,`voice_id`,`anim_enabled`,`vibrate_enabled`,`created_at`,`updated_at`) VALUES (1000000000000012,1,'std_02',1,0,'2026-01-15 10:00:00','2026-01-15 10:00:00');
INSERT INTO `user_detail` (`id`,`voice_enabled`,`voice_id`,`anim_enabled`,`vibrate_enabled`,`created_at`,`updated_at`) VALUES (1000000000000013,1,'std_03',0,1,'2026-01-15 10:00:00','2026-01-15 10:00:00');
INSERT INTO `user_detail` (`id`,`voice_enabled`,`voice_id`,`anim_enabled`,`vibrate_enabled`,`created_at`,`updated_at`) VALUES (1000000000000014,0,'std_04',1,1,'2026-01-15 10:00:00','2026-01-15 10:00:00');
INSERT INTO `user_detail` (`id`,`voice_enabled`,`voice_id`,`anim_enabled`,`vibrate_enabled`,`created_at`,`updated_at`) VALUES (1000000000000015,0,'std_05',0,0,'2026-01-15 10:00:00','2026-01-15 10:00:00');
INSERT INTO `user_detail` (`id`,`voice_enabled`,`voice_id`,`anim_enabled`,`vibrate_enabled`,`created_at`,`updated_at`) VALUES (1000000000000016,0,'std_01',1,0,'2026-01-15 10:00:00','2026-01-15 10:00:00');
INSERT INTO `user_detail` (`id`,`voice_enabled`,`voice_id`,`anim_enabled`,`vibrate_enabled`,`created_at`,`updated_at`) VALUES (1000000000000017,0,'std_02',0,1,'2026-01-15 10:00:00','2026-01-15 10:00:00');
INSERT INTO `user_detail` (`id`,`voice_enabled`,`voice_id`,`anim_enabled`,`vibrate_enabled`,`created_at`,`updated_at`) VALUES (1000000000000018,1,'std_03',1,1,'2026-01-15 10:00:00','2026-01-15 10:00:00');
INSERT INTO `user_detail` (`id`,`voice_enabled`,`voice_id`,`anim_enabled`,`vibrate_enabled`,`created_at`,`updated_at`) VALUES (1000000000000019,0,'std_04',1,1,'2026-01-15 10:00:00','2026-01-15 10:00:00');
INSERT INTO `user_detail` (`id`,`voice_enabled`,`voice_id`,`anim_enabled`,`vibrate_enabled`,`created_at`,`updated_at`) VALUES (1000000000000020,0,'std_05',1,0,'2026-01-15 10:00:00','2026-01-15 10:00:00');
INSERT INTO `user_detail` (`id`,`voice_enabled`,`voice_id`,`anim_enabled`,`vibrate_enabled`,`created_at`,`updated_at`) VALUES (1000000000000021,0,'std_01',0,0,'2026-01-15 10:00:00','2026-01-15 10:00:00');
INSERT INTO `user_detail` (`id`,`voice_enabled`,`voice_id`,`anim_enabled`,`vibrate_enabled`,`created_at`,`updated_at`) VALUES (1000000000000022,1,'std_02',1,1,'2026-01-15 10:00:00','2026-01-15 10:00:00');
INSERT INTO `user_detail` (`id`,`voice_enabled`,`voice_id`,`anim_enabled`,`vibrate_enabled`,`created_at`,`updated_at`) VALUES (1000000000000023,0,'std_03',1,0,'2026-01-15 10:00:00','2026-01-15 10:00:00');
INSERT INTO `user_detail` (`id`,`voice_enabled`,`voice_id`,`anim_enabled`,`vibrate_enabled`,`created_at`,`updated_at`) VALUES (1000000000000024,0,'std_04',0,1,'2026-01-15 10:00:00','2026-01-15 10:00:00');
INSERT INTO `user_detail` (`id`,`voice_enabled`,`voice_id`,`anim_enabled`,`vibrate_enabled`,`created_at`,`updated_at`) VALUES (1000000000000025,1,'std_05',1,0,'2026-01-15 10:00:00','2026-01-15 10:00:00');
INSERT INTO `user_identity_level` (`user_id`,`level`,`exp`,`stability`,`updated_at`) VALUES (1000000000000001,2,1067,76,'2026-06-06 10:00:00');
INSERT INTO `user_identity_level` (`user_id`,`level`,`exp`,`stability`,`updated_at`) VALUES (1000000000000002,4,1361,53,'2026-06-06 10:00:00');
INSERT INTO `user_identity_level` (`user_id`,`level`,`exp`,`stability`,`updated_at`) VALUES (1000000000000003,4,1455,65,'2026-06-06 10:00:00');
INSERT INTO `user_identity_level` (`user_id`,`level`,`exp`,`stability`,`updated_at`) VALUES (1000000000000004,4,1434,49,'2026-06-06 10:00:00');
INSERT INTO `user_identity_level` (`user_id`,`level`,`exp`,`stability`,`updated_at`) VALUES (1000000000000005,3,971,55,'2026-06-06 10:00:00');
INSERT INTO `user_identity_level` (`user_id`,`level`,`exp`,`stability`,`updated_at`) VALUES (1000000000000006,4,1487,74,'2026-06-06 10:00:00');
INSERT INTO `user_identity_level` (`user_id`,`level`,`exp`,`stability`,`updated_at`) VALUES (1000000000000007,3,1282,77,'2026-06-06 10:00:00');
INSERT INTO `user_identity_level` (`user_id`,`level`,`exp`,`stability`,`updated_at`) VALUES (1000000000000008,3,1359,77,'2026-06-06 10:00:00');
INSERT INTO `user_identity_level` (`user_id`,`level`,`exp`,`stability`,`updated_at`) VALUES (1000000000000011,3,1085,54,'2026-06-06 10:00:00');
INSERT INTO `user_identity_level` (`user_id`,`level`,`exp`,`stability`,`updated_at`) VALUES (1000000000000012,2,860,71,'2026-06-06 10:00:00');
INSERT INTO `user_identity_level` (`user_id`,`level`,`exp`,`stability`,`updated_at`) VALUES (1000000000000015,2,986,43,'2026-06-06 10:00:00');
INSERT INTO `user_identity_level` (`user_id`,`level`,`exp`,`stability`,`updated_at`) VALUES (1000000000000016,2,678,80,'2026-06-06 10:00:00');
INSERT INTO `user_identity_level` (`user_id`,`level`,`exp`,`stability`,`updated_at`) VALUES (1000000000000021,2,1005,83,'2026-06-06 10:00:00');
INSERT INTO `user_identity_level` (`user_id`,`level`,`exp`,`stability`,`updated_at`) VALUES (1000000000000023,3,1205,44,'2026-06-06 10:00:00');
INSERT INTO `user_identity_level` (`user_id`,`level`,`exp`,`stability`,`updated_at`) VALUES (1000000000000009,1,24,NULL,'2026-06-06 10:00:00');
INSERT INTO `user_identity_level` (`user_id`,`level`,`exp`,`stability`,`updated_at`) VALUES (1000000000000010,1,24,NULL,'2026-06-06 10:00:00');
INSERT INTO `user_identity_level` (`user_id`,`level`,`exp`,`stability`,`updated_at`) VALUES (1000000000000014,1,38,NULL,'2026-06-06 10:00:00');
INSERT INTO `user_identity_level` (`user_id`,`level`,`exp`,`stability`,`updated_at`) VALUES (1000000000000017,1,29,NULL,'2026-06-06 10:00:00');
INSERT INTO `user_identity_level` (`user_id`,`level`,`exp`,`stability`,`updated_at`) VALUES (1000000000000018,1,33,NULL,'2026-06-06 10:00:00');
INSERT INTO `user_identity_level` (`user_id`,`level`,`exp`,`stability`,`updated_at`) VALUES (1000000000000019,1,16,NULL,'2026-06-06 10:00:00');
INSERT INTO `user_identity_level` (`user_id`,`level`,`exp`,`stability`,`updated_at`) VALUES (1000000000000020,1,35,NULL,'2026-06-06 10:00:00');
INSERT INTO `user_identity_level` (`user_id`,`level`,`exp`,`stability`,`updated_at`) VALUES (1000000000000022,1,0,NULL,'2026-06-06 10:00:00');
INSERT INTO `user_identity_level` (`user_id`,`level`,`exp`,`stability`,`updated_at`) VALUES (1000000000000024,1,43,NULL,'2026-06-06 10:00:00');
INSERT INTO `user_identity_level` (`user_id`,`level`,`exp`,`stability`,`updated_at`) VALUES (1000000000000025,1,46,NULL,'2026-06-06 10:00:00');
INSERT INTO `user_mirror_profile` (`user_id`,`mbti_code`,`mbti_source`,`mbti_confidence`,`mbti_test_version`,`mbti_answers_json`,`calibrated_at`,`battle_persona_tag`,`battle_persona_title`,`battle_persona_summary`,`battle_persona_json`,`sample_size`,`persona_calculated_at`,`created_at`,`updated_at`) VALUES (1000000000000001,1,'test',85.5,'v1',[0, 1, 1, 0, 1, 1, 0, 1, 0, 1, 0, 0, 1, 0, 0, 1, 0, 0, 1, 1],'2026-05-01 10:00:00','压制者','THE DOMINATOR','强势控场型选手，善于利用节奏压制对手',NULL,8,'2026-06-05 22:00:00','2026-04-01 10:00:00','2026-06-05 22:00:00');
INSERT INTO `user_mirror_profile` (`user_id`,`mbti_code`,`mbti_source`,`mbti_confidence`,`mbti_test_version`,`mbti_answers_json`,`calibrated_at`,`battle_persona_tag`,`battle_persona_title`,`battle_persona_summary`,`battle_persona_json`,`sample_size`,`persona_calculated_at`,`created_at`,`updated_at`) VALUES (1000000000000002,8,'direct',100,'v1',null,'2026-04-15 14:00:00','机会游走者','THE DRIFTER','善于捕捉转瞬即逝的机会',NULL,12,'2026-06-05 22:00:00','2026-04-01 10:00:00','2026-06-05 22:00:00');
INSERT INTO `user_mirror_profile` (`user_id`,`mbti_code`,`mbti_source`,`mbti_confidence`,`mbti_test_version`,`mbti_answers_json`,`calibrated_at`,`battle_persona_tag`,`battle_persona_title`,`battle_persona_summary`,`battle_persona_json`,`sample_size`,`persona_calculated_at`,`created_at`,`updated_at`) VALUES (1000000000000003,15,'test',72.3,'v1',[0, 0, 1, 1, 0, 0, 0, 0, 0, 1, 0, 0, 0, 1, 0, 1, 1, 0, 0, 1],'2026-05-01 10:00:00','高压突击手','THE BLITZ','高压环境下爆发力极强',NULL,6,'2026-06-05 22:00:00','2026-04-01 10:00:00','2026-06-05 22:00:00');
INSERT INTO `user_mirror_profile` (`user_id`,`mbti_code`,`mbti_source`,`mbti_confidence`,`mbti_test_version`,`mbti_answers_json`,`calibrated_at`,`battle_persona_tag`,`battle_persona_title`,`battle_persona_summary`,`battle_persona_json`,`sample_size`,`persona_calculated_at`,`created_at`,`updated_at`) VALUES (1000000000000004,9,'test',91.0,'v1',[1, 1, 1, 1, 0, 0, 0, 0, 1, 0, 0, 0, 0, 0, 0, 0, 0, 0, 1, 0],'2026-05-01 10:00:00','纪律执行者','THE EXECUTOR','严格遵循计划，低失误率',NULL,10,'2026-06-05 22:00:00','2026-04-01 10:00:00','2026-06-05 22:00:00');
INSERT INTO `user_mirror_profile` (`user_id`,`mbti_code`,`mbti_source`,`mbti_confidence`,`mbti_test_version`,`mbti_answers_json`,`calibrated_at`,`battle_persona_tag`,`battle_persona_title`,`battle_persona_summary`,`battle_persona_json`,`sample_size`,`persona_calculated_at`,`created_at`,`updated_at`) VALUES (1000000000000005,4,'direct',100,'v1',null,'2026-04-15 14:00:00','扰动型试探者','THE PROBER','善于用非常规手段打乱对手节奏',NULL,9,'2026-06-05 22:00:00','2026-04-01 10:00:00','2026-06-05 22:00:00');
INSERT INTO `user_mirror_profile` (`user_id`,`mbti_code`,`mbti_source`,`mbti_confidence`,`mbti_test_version`,`mbti_answers_json`,`calibrated_at`,`battle_persona_tag`,`battle_persona_title`,`battle_persona_summary`,`battle_persona_json`,`sample_size`,`persona_calculated_at`,`created_at`,`updated_at`) VALUES (1000000000000006,6,'test',68.7,'v1',[0, 1, 1, 0, 0, 1, 0, 1, 1, 0, 0, 0, 1, 1, 1, 1, 1, 0, 0, 0],'2026-05-01 10:00:00','蛰伏者','THE WATCHER','善于等待时机，一击致命',NULL,7,'2026-06-05 22:00:00','2026-04-01 10:00:00','2026-06-05 22:00:00');
INSERT INTO `user_mirror_profile` (`user_id`,`mbti_code`,`mbti_source`,`mbti_confidence`,`mbti_test_version`,`mbti_answers_json`,`calibrated_at`,`battle_persona_tag`,`battle_persona_title`,`battle_persona_summary`,`battle_persona_json`,`sample_size`,`persona_calculated_at`,`created_at`,`updated_at`) VALUES (1000000000000007,3,'direct',100,'v1',null,'2026-04-15 14:00:00','压迫型指挥者','THE COMMANDER','高压决策能力出色',NULL,11,'2026-06-05 22:00:00','2026-04-01 10:00:00','2026-06-05 22:00:00');
INSERT INTO `user_mirror_profile` (`user_id`,`mbti_code`,`mbti_source`,`mbti_confidence`,`mbti_test_version`,`mbti_answers_json`,`calibrated_at`,`battle_persona_tag`,`battle_persona_title`,`battle_persona_summary`,`battle_persona_json`,`sample_size`,`persona_calculated_at`,`created_at`,`updated_at`) VALUES (1000000000000008,11,'test',78.2,'v1',[1, 1, 0, 0, 0, 0, 1, 0, 1, 0, 1, 1, 0, 0, 1, 0, 0, 0, 0, 0],'2026-05-01 10:00:00','规则型压制者','THE ENFORCER','善于利用规则建立优势',NULL,5,'2026-06-05 22:00:00','2026-04-01 10:00:00','2026-06-05 22:00:00');
INSERT INTO `user_mirror_profile` (`user_id`,`mbti_code`,`mbti_source`,`mbti_confidence`,`mbti_test_version`,`mbti_answers_json`,`calibrated_at`,`battle_persona_tag`,`battle_persona_title`,`battle_persona_summary`,`battle_persona_json`,`sample_size`,`persona_calculated_at`,`created_at`,`updated_at`) VALUES (1000000000000011,5,'test',82.4,'v1',[0, 1, 1, 1, 0, 1, 0, 0, 1, 0, 1, 1, 1, 1, 1, 1, 0, 0, 1, 0],'2026-05-01 10:00:00','远读型观察者','THE READER','善于从细节中读取对手意图',NULL,14,'2026-06-05 22:00:00','2026-04-01 10:00:00','2026-06-05 22:00:00');
INSERT INTO `user_mirror_profile` (`user_id`,`mbti_code`,`mbti_source`,`mbti_confidence`,`mbti_test_version`,`mbti_answers_json`,`calibrated_at`,`battle_persona_tag`,`battle_persona_title`,`battle_persona_summary`,`battle_persona_json`,`sample_size`,`persona_calculated_at`,`created_at`,`updated_at`) VALUES (1000000000000012,13,'direct',100,'v1',null,'2026-04-15 14:00:00','冷启动猎手','THE COLD START','即使不熟悉环境也能快速适应',NULL,4,'2026-06-05 22:00:00','2026-04-01 10:00:00','2026-06-05 22:00:00');
INSERT INTO `user_mirror_profile` (`user_id`,`mbti_code`,`mbti_source`,`mbti_confidence`,`mbti_test_version`,`mbti_answers_json`,`calibrated_at`,`battle_persona_tag`,`battle_persona_title`,`battle_persona_summary`,`battle_persona_json`,`sample_size`,`persona_calculated_at`,`created_at`,`updated_at`) VALUES (1000000000000015,2,'test',75.0,'v1',[0, 0, 1, 0, 0, 1, 0, 0, 0, 0, 0, 0, 0, 1, 0, 0, 0, 0, 1, 1],'2026-05-01 10:00:00','模型型分析者','THE ANALYST','善于建立模型分析对手行为',NULL,13,'2026-06-05 22:00:00','2026-04-01 10:00:00','2026-06-05 22:00:00');
INSERT INTO `user_mirror_profile` (`user_id`,`mbti_code`,`mbti_source`,`mbti_confidence`,`mbti_test_version`,`mbti_answers_json`,`calibrated_at`,`battle_persona_tag`,`battle_persona_title`,`battle_persona_summary`,`battle_persona_json`,`sample_size`,`persona_calculated_at`,`created_at`,`updated_at`) VALUES (1000000000000016,16,'test',65.3,'v1',[1, 0, 1, 0, 1, 1, 0, 1, 1, 1, 0, 0, 1, 0, 0, 0, 1, 0, 1, 0],'2026-05-01 10:00:00','现场型爆发者','THE BURSTER','现场气氛越热烈表现越好',NULL,3,'2026-06-05 22:00:00','2026-04-01 10:00:00','2026-06-05 22:00:00');
INSERT INTO `user_mirror_profile` (`user_id`,`mbti_code`,`mbti_source`,`mbti_confidence`,`mbti_test_version`,`mbti_answers_json`,`calibrated_at`,`battle_persona_tag`,`battle_persona_title`,`battle_persona_summary`,`battle_persona_json`,`sample_size`,`persona_calculated_at`,`created_at`,`updated_at`) VALUES (1000000000000021,7,'direct',100,'v1',null,'2026-04-15 14:00:00','节奏型组织者','THE ORGANIZER','善于组织团队节奏',NULL,15,'2026-06-05 22:00:00','2026-04-01 10:00:00','2026-06-05 22:00:00');
INSERT INTO `user_mirror_profile` (`user_id`,`mbti_code`,`mbti_source`,`mbti_confidence`,`mbti_test_version`,`mbti_answers_json`,`calibrated_at`,`battle_persona_tag`,`battle_persona_title`,`battle_persona_summary`,`battle_persona_json`,`sample_size`,`persona_calculated_at`,`created_at`,`updated_at`) VALUES (1000000000000023,10,'test',88.1,'v1',[0, 1, 1, 0, 1, 1, 0, 1, 0, 0, 1, 0, 0, 0, 1, 1, 0, 1, 0, 1],'2026-05-01 10:00:00','防守型稳定者','THE ANCHOR','团队中最稳定的防守核心',NULL,9,'2026-06-05 22:00:00','2026-04-01 10:00:00','2026-06-05 22:00:00');
INSERT INTO `mirror_birth_profile` (`user_id`,`calendar_type`,`birth_date`,`birth_time`,`birth_place`,`timezone`,`gender`,`extra_json`,`created_at`,`updated_at`) VALUES (1000000000000001,'solar','1995-03-15','14:30','上海','Asia/Shanghai','male',NULL,'2026-03-01 10:00:00','2026-03-01 10:00:00');
INSERT INTO `mirror_birth_profile` (`user_id`,`calendar_type`,`birth_date`,`birth_time`,`birth_place`,`timezone`,`gender`,`extra_json`,`created_at`,`updated_at`) VALUES (1000000000000002,'solar','1998-07-22','09:00','北京','Asia/Shanghai','female',NULL,'2026-03-01 10:00:00','2026-03-01 10:00:00');
INSERT INTO `mirror_birth_profile` (`user_id`,`calendar_type`,`birth_date`,`birth_time`,`birth_place`,`timezone`,`gender`,`extra_json`,`created_at`,`updated_at`) VALUES (1000000000000003,'solar','1992-11-08','22:15','广州','Asia/Shanghai','male',NULL,'2026-03-01 10:00:00','2026-03-01 10:00:00');
INSERT INTO `mirror_birth_profile` (`user_id`,`calendar_type`,`birth_date`,`birth_time`,`birth_place`,`timezone`,`gender`,`extra_json`,`created_at`,`updated_at`) VALUES (1000000000000004,'lunar','1990-01-28','06:45','成都','Asia/Shanghai','male',NULL,'2026-03-01 10:00:00','2026-03-01 10:00:00');
INSERT INTO `mirror_birth_profile` (`user_id`,`calendar_type`,`birth_date`,`birth_time`,`birth_place`,`timezone`,`gender`,`extra_json`,`created_at`,`updated_at`) VALUES (1000000000000007,'solar','1996-05-10','18:30','杭州','Asia/Shanghai','female',NULL,'2026-03-01 10:00:00','2026-03-01 10:00:00');
INSERT INTO `mirror_birth_profile` (`user_id`,`calendar_type`,`birth_date`,`birth_time`,`birth_place`,`timezone`,`gender`,`extra_json`,`created_at`,`updated_at`) VALUES (1000000000000011,'solar','1993-09-14','11:00','深圳','Asia/Shanghai','male',NULL,'2026-03-01 10:00:00','2026-03-01 10:00:00');
INSERT INTO `mirror_birth_profile` (`user_id`,`calendar_type`,`birth_date`,`birth_time`,`birth_place`,`timezone`,`gender`,`extra_json`,`created_at`,`updated_at`) VALUES (1000000000000021,'lunar','1997-12-03','08:15','武汉','Asia/Shanghai','female',NULL,'2026-03-01 10:00:00','2026-03-01 10:00:00');
INSERT INTO `fortune_log` (`id`,`user_id`,`user_tag`,`source`,`model`,`prompt`,`system_prompt`,`raw_response`,`result_json`,`duration_ms`,`success`,`error_msg`,`created_at`) VALUES (1000000000000053,1000000000000001,'WINNING_STREAK','llm','mimo-v2.5','玩家画像：WINNING_STREAK，累计净积分：100分','你是策略解释引擎...','{"verdict": "气场如虹，连胜势能持续扩散", "buffs": ["连胜势能加持", "心态稳定输出", "决策果断精准"], "debuffs": ["注意骄傲轻敌", "避免贪心冒进"], "glowColor": "#32D74B", "tag": "理智", "userTag": "WINNING_STREAK", "source": "llm", "lunarDate": "2026-06-06", "solarTerm": "CRUISE", "title": "压制者", "subtitle": "THE DOMINATOR", "tags": ["强势", "连续", "压制"]}','{"verdict": "气场如虹，连胜势能持续扩散", "buffs": ["连胜势能加持", "心态稳定输出", "决策果断精准"], "debuffs": ["注意骄傲轻敌", "避免贪心冒进"], "glowColor": "#32D74B", "tag": "理智", "userTag": "WINNING_STREAK", "source": "llm", "lunarDate": "2026-06-06", "solarTerm": "CRUISE", "title": "压制者", "subtitle": "THE DOMINATOR", "tags": ["强势", "连续", "压制"]}',2270,1,'','2026-06-06 12:00:00');
INSERT INTO `fortune_log` (`id`,`user_id`,`user_tag`,`source`,`model`,`prompt`,`system_prompt`,`raw_response`,`result_json`,`duration_ms`,`success`,`error_msg`,`created_at`) VALUES (1000000000000054,1000000000000001,'STABLE','fallback','','玩家画像：STABLE，累计净积分：100分','','LLM 未配置，使用本地兜底','{"verdict": "平稳是最好的基底，细水长流", "buffs": ["心态平稳如水", "节奏稳定输出", "持续高效作战"], "debuffs": ["缺乏爆发力", "注意抓住转瞬机会"], "glowColor": "#0A84FF", "tag": "稳健", "userTag": "STABLE", "source": "fallback", "lunarDate": "2026-06-05", "solarTerm": "CRUISE", "title": "压制者", "subtitle": "THE DOMINATOR", "tags": ["强势", "连续", "压制"]}',0,1,'','2026-06-05 12:00:00');
INSERT INTO `fortune_log` (`id`,`user_id`,`user_tag`,`source`,`model`,`prompt`,`system_prompt`,`raw_response`,`result_json`,`duration_ms`,`success`,`error_msg`,`created_at`) VALUES (1000000000000055,1000000000000002,'LOSING_STREAK','llm','mimo-v2.5','玩家画像：LOSING_STREAK，累计净积分：100分','你是策略解释引擎...','{"verdict": "低谷是蓄力的过程，静待反弹", "buffs": ["触底反弹势能", "心态沉淀内敛", "经验持续积累"], "debuffs": ["避免情绪化决策", "注意休息调整"], "glowColor": "#FF9F0A", "tag": "蓄力", "userTag": "LOSING_STREAK", "source": "llm", "lunarDate": "2026-06-04", "solarTerm": "CRUISE", "title": "压制者", "subtitle": "THE DOMINATOR", "tags": ["强势", "连续", "压制"]}','{"verdict": "低谷是蓄力的过程，静待反弹", "buffs": ["触底反弹势能", "心态沉淀内敛", "经验持续积累"], "debuffs": ["避免情绪化决策", "注意休息调整"], "glowColor": "#FF9F0A", "tag": "蓄力", "userTag": "LOSING_STREAK", "source": "llm", "lunarDate": "2026-06-04", "solarTerm": "CRUISE", "title": "压制者", "subtitle": "THE DOMINATOR", "tags": ["强势", "连续", "压制"]}',2201,1,'','2026-06-04 12:00:00');
INSERT INTO `fortune_log` (`id`,`user_id`,`user_tag`,`source`,`model`,`prompt`,`system_prompt`,`raw_response`,`result_json`,`duration_ms`,`success`,`error_msg`,`created_at`) VALUES (1000000000000056,1000000000000003,'HIGH_RISK','llm','mimo-v2.5','玩家画像：HIGH_RISK，累计净积分：100分','你是策略解释引擎...','{"verdict": "波动即机遇，关键在于时机把控", "buffs": ["高波动校准力", "爆发力惊人强劲", "时机嗅觉敏锐"], "debuffs": ["风险敞口较大", "情绪波动影响判断"], "glowColor": "#FF2D55", "tag": "狂野", "userTag": "HIGH_RISK", "source": "llm", "lunarDate": "2026-06-03", "solarTerm": "CRUISE", "title": "压制者", "subtitle": "THE DOMINATOR", "tags": ["强势", "连续", "压制"]}','{"verdict": "波动即机遇，关键在于时机把控", "buffs": ["高波动校准力", "爆发力惊人强劲", "时机嗅觉敏锐"], "debuffs": ["风险敞口较大", "情绪波动影响判断"], "glowColor": "#FF2D55", "tag": "狂野", "userTag": "HIGH_RISK", "source": "llm", "lunarDate": "2026-06-03", "solarTerm": "CRUISE", "title": "压制者", "subtitle": "THE DOMINATOR", "tags": ["强势", "连续", "压制"]}',1228,1,'','2026-06-03 12:00:00');
INSERT INTO `fortune_log` (`id`,`user_id`,`user_tag`,`source`,`model`,`prompt`,`system_prompt`,`raw_response`,`result_json`,`duration_ms`,`success`,`error_msg`,`created_at`) VALUES (1000000000000057,1000000000000004,'STABLE','fallback','','玩家画像：STABLE，累计净积分：100分','','LLM 未配置，使用本地兜底','{"verdict": "平稳是最好的基底，细水长流", "buffs": ["心态平稳如水", "节奏稳定输出", "持续高效作战"], "debuffs": ["缺乏爆发力", "注意抓住转瞬机会"], "glowColor": "#0A84FF", "tag": "稳健", "userTag": "STABLE", "source": "fallback", "lunarDate": "2026-06-02", "solarTerm": "CRUISE", "title": "压制者", "subtitle": "THE DOMINATOR", "tags": ["强势", "连续", "压制"]}',0,1,'','2026-06-02 12:00:00');
INSERT INTO `fortune_log` (`id`,`user_id`,`user_tag`,`source`,`model`,`prompt`,`system_prompt`,`raw_response`,`result_json`,`duration_ms`,`success`,`error_msg`,`created_at`) VALUES (1000000000000058,1000000000000005,'WINNING_STREAK','llm','mimo-v2.5','玩家画像：WINNING_STREAK，累计净积分：100分','你是策略解释引擎...','{"verdict": "气场如虹，连胜势能持续扩散", "buffs": ["连胜势能加持", "心态稳定输出", "决策果断精准"], "debuffs": ["注意骄傲轻敌", "避免贪心冒进"], "glowColor": "#32D74B", "tag": "理智", "userTag": "WINNING_STREAK", "source": "llm", "lunarDate": "2026-06-01", "solarTerm": "CRUISE", "title": "压制者", "subtitle": "THE DOMINATOR", "tags": ["强势", "连续", "压制"]}','{"verdict": "气场如虹，连胜势能持续扩散", "buffs": ["连胜势能加持", "心态稳定输出", "决策果断精准"], "debuffs": ["注意骄傲轻敌", "避免贪心冒进"], "glowColor": "#32D74B", "tag": "理智", "userTag": "WINNING_STREAK", "source": "llm", "lunarDate": "2026-06-01", "solarTerm": "CRUISE", "title": "压制者", "subtitle": "THE DOMINATOR", "tags": ["强势", "连续", "压制"]}',408,1,'','2026-06-01 12:00:00');
INSERT INTO `fortune_log` (`id`,`user_id`,`user_tag`,`source`,`model`,`prompt`,`system_prompt`,`raw_response`,`result_json`,`duration_ms`,`success`,`error_msg`,`created_at`) VALUES (1000000000000059,1000000000000006,'STABLE','llm','mimo-v2.5','玩家画像：STABLE，累计净积分：100分','你是策略解释引擎...','{"verdict": "平稳是最好的基底，细水长流", "buffs": ["心态平稳如水", "节奏稳定输出", "持续高效作战"], "debuffs": ["缺乏爆发力", "注意抓住转瞬机会"], "glowColor": "#0A84FF", "tag": "稳健", "userTag": "STABLE", "source": "llm", "lunarDate": "2026-05-30", "solarTerm": "CRUISE", "title": "压制者", "subtitle": "THE DOMINATOR", "tags": ["强势", "连续", "压制"]}','{"verdict": "平稳是最好的基底，细水长流", "buffs": ["心态平稳如水", "节奏稳定输出", "持续高效作战"], "debuffs": ["缺乏爆发力", "注意抓住转瞬机会"], "glowColor": "#0A84FF", "tag": "稳健", "userTag": "STABLE", "source": "llm", "lunarDate": "2026-05-30", "solarTerm": "CRUISE", "title": "压制者", "subtitle": "THE DOMINATOR", "tags": ["强势", "连续", "压制"]}',578,1,'','2026-05-30 12:00:00');
INSERT INTO `fortune_log` (`id`,`user_id`,`user_tag`,`source`,`model`,`prompt`,`system_prompt`,`raw_response`,`result_json`,`duration_ms`,`success`,`error_msg`,`created_at`) VALUES (1000000000000060,1000000000000007,'LOSING_STREAK','fallback','','玩家画像：LOSING_STREAK，累计净积分：100分','','LLM 未配置，使用本地兜底','{"verdict": "低谷是蓄力的过程，静待反弹", "buffs": ["触底反弹势能", "心态沉淀内敛", "经验持续积累"], "debuffs": ["避免情绪化决策", "注意休息调整"], "glowColor": "#FF9F0A", "tag": "蓄力", "userTag": "LOSING_STREAK", "source": "fallback", "lunarDate": "2026-05-28", "solarTerm": "CRUISE", "title": "压制者", "subtitle": "THE DOMINATOR", "tags": ["强势", "连续", "压制"]}',0,0,'LLM API 超时','2026-05-28 12:00:00');
INSERT INTO `fortune_log` (`id`,`user_id`,`user_tag`,`source`,`model`,`prompt`,`system_prompt`,`raw_response`,`result_json`,`duration_ms`,`success`,`error_msg`,`created_at`) VALUES (1000000000000061,1000000000000011,'STABLE','llm','mimo-v2.5','玩家画像：STABLE，累计净积分：100分','你是策略解释引擎...','{"verdict": "平稳是最好的基底，细水长流", "buffs": ["心态平稳如水", "节奏稳定输出", "持续高效作战"], "debuffs": ["缺乏爆发力", "注意抓住转瞬机会"], "glowColor": "#0A84FF", "tag": "稳健", "userTag": "STABLE", "source": "llm", "lunarDate": "2026-05-25", "solarTerm": "CRUISE", "title": "压制者", "subtitle": "THE DOMINATOR", "tags": ["强势", "连续", "压制"]}','{"verdict": "平稳是最好的基底，细水长流", "buffs": ["心态平稳如水", "节奏稳定输出", "持续高效作战"], "debuffs": ["缺乏爆发力", "注意抓住转瞬机会"], "glowColor": "#0A84FF", "tag": "稳健", "userTag": "STABLE", "source": "llm", "lunarDate": "2026-05-25", "solarTerm": "CRUISE", "title": "压制者", "subtitle": "THE DOMINATOR", "tags": ["强势", "连续", "压制"]}',2798,1,'','2026-05-25 12:00:00');
INSERT INTO `fortune_log` (`id`,`user_id`,`user_tag`,`source`,`model`,`prompt`,`system_prompt`,`raw_response`,`result_json`,`duration_ms`,`success`,`error_msg`,`created_at`) VALUES (1000000000000062,1000000000000012,'HIGH_RISK','llm','mimo-v2.5','玩家画像：HIGH_RISK，累计净积分：100分','你是策略解释引擎...','{"verdict": "波动即机遇，关键在于时机把控", "buffs": ["高波动校准力", "爆发力惊人强劲", "时机嗅觉敏锐"], "debuffs": ["风险敞口较大", "情绪波动影响判断"], "glowColor": "#FF2D55", "tag": "狂野", "userTag": "HIGH_RISK", "source": "llm", "lunarDate": "2026-05-20", "solarTerm": "CRUISE", "title": "压制者", "subtitle": "THE DOMINATOR", "tags": ["强势", "连续", "压制"]}','{"verdict": "波动即机遇，关键在于时机把控", "buffs": ["高波动校准力", "爆发力惊人强劲", "时机嗅觉敏锐"], "debuffs": ["风险敞口较大", "情绪波动影响判断"], "glowColor": "#FF2D55", "tag": "狂野", "userTag": "HIGH_RISK", "source": "llm", "lunarDate": "2026-05-20", "solarTerm": "CRUISE", "title": "压制者", "subtitle": "THE DOMINATOR", "tags": ["强势", "连续", "压制"]}',1934,1,'','2026-05-20 12:00:00');
INSERT INTO `fortune_log` (`id`,`user_id`,`user_tag`,`source`,`model`,`prompt`,`system_prompt`,`raw_response`,`result_json`,`duration_ms`,`success`,`error_msg`,`created_at`) VALUES (1000000000000063,1000000000000015,'WINNING_STREAK','fallback','','玩家画像：WINNING_STREAK，累计净积分：100分','','LLM 未配置，使用本地兜底','{"verdict": "气场如虹，连胜势能持续扩散", "buffs": ["连胜势能加持", "心态稳定输出", "决策果断精准"], "debuffs": ["注意骄傲轻敌", "避免贪心冒进"], "glowColor": "#32D74B", "tag": "理智", "userTag": "WINNING_STREAK", "source": "fallback", "lunarDate": "2026-04-15", "solarTerm": "CRUISE", "title": "压制者", "subtitle": "THE DOMINATOR", "tags": ["强势", "连续", "压制"]}',0,1,'','2026-04-15 12:00:00');
INSERT INTO `fortune_log` (`id`,`user_id`,`user_tag`,`source`,`model`,`prompt`,`system_prompt`,`raw_response`,`result_json`,`duration_ms`,`success`,`error_msg`,`created_at`) VALUES (1000000000000064,1000000000000021,'STABLE','llm','mimo-v2.5','玩家画像：STABLE，累计净积分：100分','你是策略解释引擎...','{"verdict": "平稳是最好的基底，细水长流", "buffs": ["心态平稳如水", "节奏稳定输出", "持续高效作战"], "debuffs": ["缺乏爆发力", "注意抓住转瞬机会"], "glowColor": "#0A84FF", "tag": "稳健", "userTag": "STABLE", "source": "llm", "lunarDate": "2026-04-10", "solarTerm": "CRUISE", "title": "压制者", "subtitle": "THE DOMINATOR", "tags": ["强势", "连续", "压制"]}','{"verdict": "平稳是最好的基底，细水长流", "buffs": ["心态平稳如水", "节奏稳定输出", "持续高效作战"], "debuffs": ["缺乏爆发力", "注意抓住转瞬机会"], "glowColor": "#0A84FF", "tag": "稳健", "userTag": "STABLE", "source": "llm", "lunarDate": "2026-04-10", "solarTerm": "CRUISE", "title": "压制者", "subtitle": "THE DOMINATOR", "tags": ["强势", "连续", "压制"]}',1333,1,'','2026-04-10 12:00:00');
INSERT INTO `fortune_log` (`id`,`user_id`,`user_tag`,`source`,`model`,`prompt`,`system_prompt`,`raw_response`,`result_json`,`duration_ms`,`success`,`error_msg`,`created_at`) VALUES (1000000000000065,1000000000000023,'LOSING_STREAK','llm','mimo-v2.5','玩家画像：LOSING_STREAK，累计净积分：100分','你是策略解释引擎...','{"verdict": "低谷是蓄力的过程，静待反弹", "buffs": ["触底反弹势能", "心态沉淀内敛", "经验持续积累"], "debuffs": ["避免情绪化决策", "注意休息调整"], "glowColor": "#FF9F0A", "tag": "蓄力", "userTag": "LOSING_STREAK", "source": "llm", "lunarDate": "2026-03-25", "solarTerm": "CRUISE", "title": "压制者", "subtitle": "THE DOMINATOR", "tags": ["强势", "连续", "压制"]}','{"verdict": "低谷是蓄力的过程，静待反弹", "buffs": ["触底反弹势能", "心态沉淀内敛", "经验持续积累"], "debuffs": ["避免情绪化决策", "注意休息调整"], "glowColor": "#FF9F0A", "tag": "蓄力", "userTag": "LOSING_STREAK", "source": "llm", "lunarDate": "2026-03-25", "solarTerm": "CRUISE", "title": "压制者", "subtitle": "THE DOMINATOR", "tags": ["强势", "连续", "压制"]}',380,1,'','2026-03-25 12:00:00');
INSERT INTO `room` (`id`,`room_no`,`owner_id`,`score_mode`,`round_input_method`,`trust_mode`,`zero_sum_required`,`status`,`all_record`,`last_active_at`,`created_at`,`updated_at`) VALUES (1000000000000066,'A3K7NP',1000000000000001,1,1,1,1,1,'[{"batchTime": 1780711500000, "createdBy": 1000000000000001, "scores": [{"userId": 1000000000000001, "score": 50, "name": "大聪明", "avatar": "https://smartrecord.oss-cn-hangzhou.aliyuncs.com/avatar/001.png"}, {"userId": 1000000000000002, "score": -20, "name": "小幸运", "avatar": "https://smartrecord.oss-cn-hangzhou.aliyuncs.com/avatar/002.png"}, {"userId": 1000000000000003, "score": -10, "name": "麻将王", "avatar": "https://smartrecord.oss-cn-hangzhou.aliyuncs.com/avatar/003.png"}, {"userId": 1000000000000004, "score": -20, "name": "扑克脸", "avatar": "https://smartrecord.oss-cn-hangzhou.aliyuncs.com/avatar/004.png"}]}, {"batchTime": 1780712100000, "createdBy": 1000000000000001, "scores": [{"userId": 1000000000000001, "score": 10, "name": "大聪明", "avatar": "https://smartrecord.oss-cn-hangzhou.aliyuncs.com/avatar/001.png"}, {"userId": 1000000000000002, "score": 30, "name": "小幸运", "avatar": "https://smartrecord.oss-cn-hangzhou.aliyuncs.com/avatar/002.png"}, {"userId": 1000000000000003, "score": -30, "name": "麻将王", "avatar": "https://smartrecord.oss-cn-hangzhou.aliyuncs.com/avatar/003.png"}, {"userId": 1000000000000004, "score": -10, "name": "扑克脸", "avatar": "https://smartrecord.oss-cn-hangzhou.aliyuncs.com/avatar/004.png"}]}, {"batchTime": 1780713000000, "createdBy": 1000000000000001, "scores": [{"userId": 1000000000000001, "score": -40, "name": "大聪明", "avatar": "https://smartrecord.oss-cn-hangzhou.aliyuncs.com/avatar/001.png"}, {"userId": 1000000000000002, "score": 20, "name": "小幸运", "avatar": "https://smartrecord.oss-cn-hangzhou.aliyuncs.com/avatar/002.png"}, {"userId": 1000000000000003, "score": 30, "name": "麻将王", "avatar": "https://smartrecord.oss-cn-hangzhou.aliyuncs.com/avatar/003.png"}, {"userId": 1000000000000004, "score": -10, "name": "扑克脸", "avatar": "https://smartrecord.oss-cn-hangzhou.aliyuncs.com/avatar/004.png"}]}, {"batchTime": 1780714800000, "createdBy": 1000000000000001, "scores": [{"userId": 1000000000000001, "score": -20, "name": "大聪明", "avatar": "https://smartrecord.oss-cn-hangzhou.aliyuncs.com/avatar/001.png"}, {"userId": 1000000000000002, "score": -30, "name": "小幸运", "avatar": "https://smartrecord.oss-cn-hangzhou.aliyuncs.com/avatar/002.png"}, {"userId": 1000000000000003, "score": 10, "name": "麻将王", "avatar": "https://smartrecord.oss-cn-hangzhou.aliyuncs.com/avatar/003.png"}, {"userId": 1000000000000004, "score": 40, "name": "扑克脸", "avatar": "https://smartrecord.oss-cn-hangzhou.aliyuncs.com/avatar/004.png"}]}, {"transferEvents": [{"from": 1000000000000001, "to": 1000000000000002, "amount": 20, "time": 1780711560000, "remark": ""}, {"from": 1000000000000003, "to": 1000000000000004, "amount": 10, "time": 1780712160000, "remark": ""}, {"from": 1000000000000002, "to": 1000000000000001, "amount": 30, "time": 1780713060000, "remark": ""}, {"from": 1000000000000004, "to": 1000000000000003, "amount": 40, "time": 1780714860000, "remark": "翻盘"}]}]','2026-06-06 12:30:00','2026-06-06 10:00:00','2026-06-06 12:30:00');
INSERT INTO `room_member` (`id`,`room_id`,`user_id`,`joined_at`,`quit_time`,`final_score`) VALUES (1000000000000067,1000000000000066,1000000000000001,'2026-06-06 10:00:00','2026-06-06 12:30:00',0);
INSERT INTO `room_member` (`id`,`room_id`,`user_id`,`joined_at`,`quit_time`,`final_score`) VALUES (1000000000000068,1000000000000066,1000000000000002,'2026-06-06 10:00:00','2026-06-06 12:30:00',0);
INSERT INTO `room_member` (`id`,`room_id`,`user_id`,`joined_at`,`quit_time`,`final_score`) VALUES (1000000000000069,1000000000000066,1000000000000003,'2026-06-06 10:00:00','2026-06-06 12:30:00',0);
INSERT INTO `room_member` (`id`,`room_id`,`user_id`,`joined_at`,`quit_time`,`final_score`) VALUES (1000000000000070,1000000000000066,1000000000000004,'2026-06-06 10:00:00','2026-06-06 12:30:00',0);
INSERT INTO `room` (`id`,`room_no`,`owner_id`,`score_mode`,`round_input_method`,`trust_mode`,`zero_sum_required`,`status`,`all_record`,`last_active_at`,`created_at`,`updated_at`) VALUES (1000000000000071,'B5M2QR',1000000000000002,1,1,1,0,1,'[{"batchTime": 1780639800000, "createdBy": 1000000000000002, "scores": [{"userId": 1000000000000002, "score": 100, "name": "小幸运", "avatar": "https://smartrecord.oss-cn-hangzhou.aliyuncs.com/avatar/002.png"}, {"userId": 1000000000000005, "score": -50, "name": "记分员", "avatar": "https://smartrecord.oss-cn-hangzhou.aliyuncs.com/avatar/005.png"}, {"userId": 1000000000000006, "score": -30, "name": "桌游达人", "avatar": "https://smartrecord.oss-cn-hangzhou.aliyuncs.com/avatar/006.png"}]}, {"batchTime": 1780641000000, "createdBy": 1000000000000005, "scores": [{"userId": 1000000000000002, "score": -80, "name": "小幸运", "avatar": "https://smartrecord.oss-cn-hangzhou.aliyuncs.com/avatar/002.png"}, {"userId": 1000000000000005, "score": 60, "name": "记分员", "avatar": "https://smartrecord.oss-cn-hangzhou.aliyuncs.com/avatar/005.png"}, {"userId": 1000000000000006, "score": 10, "name": "桌游达人", "avatar": "https://smartrecord.oss-cn-hangzhou.aliyuncs.com/avatar/006.png"}]}, {"batchTime": 1780642800000, "createdBy": 1000000000000002, "scores": [{"userId": 1000000000000002, "score": 30, "name": "小幸运", "avatar": "https://smartrecord.oss-cn-hangzhou.aliyuncs.com/avatar/002.png"}, {"userId": 1000000000000005, "score": -20, "name": "记分员", "avatar": "https://smartrecord.oss-cn-hangzhou.aliyuncs.com/avatar/005.png"}, {"userId": 1000000000000006, "score": -40, "name": "桌游达人", "avatar": "https://smartrecord.oss-cn-hangzhou.aliyuncs.com/avatar/006.png"}]}, {"transferEvents": [{"from": 1000000000000005, "to": 1000000000000002, "amount": 50, "time": 1780639860000, "remark": ""}, {"from": 1000000000000002, "to": 1000000000000005, "amount": 60, "time": 1780641060000, "remark": ""}]}]','2026-06-05 16:00:00','2026-06-05 14:00:00','2026-06-05 16:00:00');
INSERT INTO `room_member` (`id`,`room_id`,`user_id`,`joined_at`,`quit_time`,`final_score`) VALUES (1000000000000072,1000000000000071,1000000000000002,'2026-06-05 14:00:00','2026-06-05 16:00:00',50);
INSERT INTO `room_member` (`id`,`room_id`,`user_id`,`joined_at`,`quit_time`,`final_score`) VALUES (1000000000000073,1000000000000071,1000000000000005,'2026-06-05 14:00:00','2026-06-05 16:00:00',-10);
INSERT INTO `room_member` (`id`,`room_id`,`user_id`,`joined_at`,`quit_time`,`final_score`) VALUES (1000000000000074,1000000000000071,1000000000000006,'2026-06-05 14:00:00','2026-06-05 16:00:00',-60);
INSERT INTO `room` (`id`,`room_no`,`owner_id`,`score_mode`,`round_input_method`,`trust_mode`,`zero_sum_required`,`status`,`all_record`,`last_active_at`,`created_at`,`updated_at`) VALUES (1000000000000075,'C8N4ST',1000000000000003,1,1,1,1,1,'[{"batchTime": 1780574700000, "createdBy": 1000000000000003, "scores": [{"userId": 1000000000000003, "score": 100, "name": "麻将王", "avatar": "https://smartrecord.oss-cn-hangzhou.aliyuncs.com/avatar/003.png"}, {"userId": 1000000000000007, "score": -100, "name": "策略家", "avatar": "https://smartrecord.oss-cn-hangzhou.aliyuncs.com/avatar/007.png"}]}, {"batchTime": 1780575600000, "createdBy": 1000000000000007, "scores": [{"userId": 1000000000000003, "score": -200, "name": "麻将王", "avatar": "https://smartrecord.oss-cn-hangzhou.aliyuncs.com/avatar/003.png"}, {"userId": 1000000000000007, "score": 200, "name": "策略家", "avatar": "https://smartrecord.oss-cn-hangzhou.aliyuncs.com/avatar/007.png"}]}, {"batchTime": 1780577100000, "createdBy": 1000000000000003, "scores": [{"userId": 1000000000000003, "score": 150, "name": "麻将王", "avatar": "https://smartrecord.oss-cn-hangzhou.aliyuncs.com/avatar/003.png"}, {"userId": 1000000000000007, "score": -150, "name": "策略家", "avatar": "https://smartrecord.oss-cn-hangzhou.aliyuncs.com/avatar/007.png"}]}, {"batchTime": 1780578000000, "createdBy": 1000000000000007, "scores": [{"userId": 1000000000000003, "score": -50, "name": "麻将王", "avatar": "https://smartrecord.oss-cn-hangzhou.aliyuncs.com/avatar/003.png"}, {"userId": 1000000000000007, "score": 50, "name": "策略家", "avatar": "https://smartrecord.oss-cn-hangzhou.aliyuncs.com/avatar/007.png"}]}]','2026-06-04 21:30:00','2026-06-04 20:00:00','2026-06-04 21:30:00');
INSERT INTO `room_member` (`id`,`room_id`,`user_id`,`joined_at`,`quit_time`,`final_score`) VALUES (1000000000000076,1000000000000075,1000000000000003,'2026-06-04 20:00:00','2026-06-04 21:30:00',0);
INSERT INTO `room_member` (`id`,`room_id`,`user_id`,`joined_at`,`quit_time`,`final_score`) VALUES (1000000000000077,1000000000000075,1000000000000007,'2026-06-04 20:00:00','2026-06-04 21:30:00',0);
INSERT INTO `room` (`id`,`room_no`,`owner_id`,`score_mode`,`round_input_method`,`trust_mode`,`zero_sum_required`,`status`,`all_record`,`last_active_at`,`created_at`,`updated_at`) VALUES (1000000000000078,'D2P6UV',1000000000000004,1,1,1,1,1,'[{"batchTime": 1780481400000, "createdBy": 1000000000000004, "scores": [{"userId": 1000000000000004, "score": 80, "name": "扑克脸", "avatar": "https://smartrecord.oss-cn-hangzhou.aliyuncs.com/avatar/004.png"}, {"userId": 1000000000000008, "score": -30, "name": "观战者", "avatar": "https://smartrecord.oss-cn-hangzhou.aliyuncs.com/avatar/008.png"}, {"userId": 1000000000000009, "score": -20, "name": "新来的", "avatar": ""}, {"userId": 1000000000000010, "score": -10, "name": "老玩家", "avatar": "https://smartrecord.oss-cn-hangzhou.aliyuncs.com/avatar/010.png"}, {"userId": 1000000000000011, "score": -20, "name": "淡定哥", "avatar": "https://smartrecord.oss-cn-hangzhou.aliyuncs.com/avatar/011.png"}]}, {"batchTime": 1780482600000, "createdBy": 1000000000000008, "scores": [{"userId": 1000000000000004, "score": -50, "name": "扑克脸", "avatar": "https://smartrecord.oss-cn-hangzhou.aliyuncs.com/avatar/004.png"}, {"userId": 1000000000000008, "score": 60, "name": "观战者", "avatar": "https://smartrecord.oss-cn-hangzhou.aliyuncs.com/avatar/008.png"}, {"userId": 1000000000000009, "score": -30, "name": "新来的", "avatar": ""}, {"userId": 1000000000000010, "score": 10, "name": "老玩家", "avatar": "https://smartrecord.oss-cn-hangzhou.aliyuncs.com/avatar/010.png"}, {"userId": 1000000000000011, "score": 10, "name": "淡定哥", "avatar": "https://smartrecord.oss-cn-hangzhou.aliyuncs.com/avatar/011.png"}]}, {"batchTime": 1780484400000, "createdBy": 1000000000000010, "scores": [{"userId": 1000000000000004, "score": -30, "name": "扑克脸", "avatar": "https://smartrecord.oss-cn-hangzhou.aliyuncs.com/avatar/004.png"}, {"userId": 1000000000000008, "score": -20, "name": "观战者", "avatar": "https://smartrecord.oss-cn-hangzhou.aliyuncs.com/avatar/008.png"}, {"userId": 1000000000000009, "score": 50, "name": "新来的", "avatar": ""}, {"userId": 1000000000000010, "score": 20, "name": "老玩家", "avatar": "https://smartrecord.oss-cn-hangzhou.aliyuncs.com/avatar/010.png"}, {"userId": 1000000000000011, "score": -20, "name": "淡定哥", "avatar": "https://smartrecord.oss-cn-hangzhou.aliyuncs.com/avatar/011.png"}]}, {"batchTime": 1780486200000, "createdBy": 1000000000000004, "scores": [{"userId": 1000000000000004, "score": 0, "name": "扑克脸", "avatar": "https://smartrecord.oss-cn-hangzhou.aliyuncs.com/avatar/004.png"}, {"userId": 1000000000000008, "score": -10, "name": "观战者", "avatar": "https://smartrecord.oss-cn-hangzhou.aliyuncs.com/avatar/008.png"}, {"userId": 1000000000000009, "score": 0, "name": "新来的", "avatar": ""}, {"userId": 1000000000000010, "score": -20, "name": "老玩家", "avatar": "https://smartrecord.oss-cn-hangzhou.aliyuncs.com/avatar/010.png"}, {"userId": 1000000000000011, "score": 30, "name": "淡定哥", "avatar": "https://smartrecord.oss-cn-hangzhou.aliyuncs.com/avatar/011.png"}]}, {"transferEvents": [{"from": 1000000000000008, "to": 1000000000000004, "amount": 30, "time": 1780481460000, "remark": ""}]}]','2026-06-03 20:00:00','2026-06-03 18:00:00','2026-06-03 20:00:00');
INSERT INTO `room_member` (`id`,`room_id`,`user_id`,`joined_at`,`quit_time`,`final_score`) VALUES (1000000000000079,1000000000000078,1000000000000004,'2026-06-03 18:00:00','2026-06-03 20:00:00',0);
INSERT INTO `room_member` (`id`,`room_id`,`user_id`,`joined_at`,`quit_time`,`final_score`) VALUES (1000000000000080,1000000000000078,1000000000000008,'2026-06-03 18:00:00','2026-06-03 20:00:00',0);
INSERT INTO `room_member` (`id`,`room_id`,`user_id`,`joined_at`,`quit_time`,`final_score`) VALUES (1000000000000081,1000000000000078,1000000000000009,'2026-06-03 18:00:00','2026-06-03 20:00:00',0);
INSERT INTO `room_member` (`id`,`room_id`,`user_id`,`joined_at`,`quit_time`,`final_score`) VALUES (1000000000000082,1000000000000078,1000000000000010,'2026-06-03 18:00:00','2026-06-03 20:00:00',0);
INSERT INTO `room_member` (`id`,`room_id`,`user_id`,`joined_at`,`quit_time`,`final_score`) VALUES (1000000000000083,1000000000000078,1000000000000011,'2026-06-03 18:00:00','2026-06-03 20:00:00',0);
INSERT INTO `room` (`id`,`room_no`,`owner_id`,`score_mode`,`round_input_method`,`trust_mode`,`zero_sum_required`,`status`,`all_record`,`last_active_at`,`created_at`,`updated_at`) VALUES (1000000000000084,'E9R1WX',1000000000000005,1,1,1,0,1,'[{"batchTime": 1780384200000, "createdBy": 1000000000000005, "scores": [{"userId": 1000000000000005, "score": 50, "name": "记分员", "avatar": "https://smartrecord.oss-cn-hangzhou.aliyuncs.com/avatar/005.png"}, {"userId": 1000000000000012, "score": -30, "name": "暴躁姐", "avatar": "https://smartrecord.oss-cn-hangzhou.aliyuncs.com/avatar/012.png"}, {"userId": 1000000000000013, "score": 20, "name": "佛系玩家", "avatar": ""}, {"userId": 1000000000000014, "score": -10, "name": "数据控", "avatar": "https://smartrecord.oss-cn-hangzhou.aliyuncs.com/avatar/014.png"}, {"userId": 1000000000000015, "score": 30, "name": "随机手", "avatar": "https://smartrecord.oss-cn-hangzhou.aliyuncs.com/avatar/015.png"}, {"userId": 1000000000000016, "score": -20, "name": "速算王", "avatar": "https://smartrecord.oss-cn-hangzhou.aliyuncs.com/avatar/016.png"}]}, {"batchTime": 1780386000000, "createdBy": 1000000000000012, "scores": [{"userId": 1000000000000005, "score": -20, "name": "记分员", "avatar": "https://smartrecord.oss-cn-hangzhou.aliyuncs.com/avatar/005.png"}, {"userId": 1000000000000012, "score": 40, "name": "暴躁姐", "avatar": "https://smartrecord.oss-cn-hangzhou.aliyuncs.com/avatar/012.png"}, {"userId": 1000000000000013, "score": -30, "name": "佛系玩家", "avatar": ""}, {"userId": 1000000000000014, "score": 20, "name": "数据控", "avatar": "https://smartrecord.oss-cn-hangzhou.aliyuncs.com/avatar/014.png"}, {"userId": 1000000000000015, "score": -10, "name": "随机手", "avatar": "https://smartrecord.oss-cn-hangzhou.aliyuncs.com/avatar/015.png"}, {"userId": 1000000000000016, "score": 10, "name": "速算王", "avatar": "https://smartrecord.oss-cn-hangzhou.aliyuncs.com/avatar/016.png"}]}, {"batchTime": 1780387800000, "createdBy": 1000000000000013, "scores": [{"userId": 1000000000000005, "score": 30, "name": "记分员", "avatar": "https://smartrecord.oss-cn-hangzhou.aliyuncs.com/avatar/005.png"}, {"userId": 1000000000000012, "score": -10, "name": "暴躁姐", "avatar": "https://smartrecord.oss-cn-hangzhou.aliyuncs.com/avatar/012.png"}, {"userId": 1000000000000013, "score": 50, "name": "佛系玩家", "avatar": ""}, {"userId": 1000000000000014, "score": -40, "name": "数据控", "avatar": "https://smartrecord.oss-cn-hangzhou.aliyuncs.com/avatar/014.png"}, {"userId": 1000000000000015, "score": 20, "name": "随机手", "avatar": "https://smartrecord.oss-cn-hangzhou.aliyuncs.com/avatar/015.png"}, {"userId": 1000000000000016, "score": -30, "name": "速算王", "avatar": "https://smartrecord.oss-cn-hangzhou.aliyuncs.com/avatar/016.png"}]}, {"transferEvents": [{"from": 1000000000000012, "to": 1000000000000005, "amount": 30, "time": 1780384260000, "remark": ""}, {"from": 1000000000000014, "to": 1000000000000013, "amount": 40, "time": 1780387860000, "remark": ""}]}]','2026-06-02 17:30:00','2026-06-02 15:00:00','2026-06-02 17:30:00');
INSERT INTO `room_member` (`id`,`room_id`,`user_id`,`joined_at`,`quit_time`,`final_score`) VALUES (1000000000000085,1000000000000084,1000000000000005,'2026-06-02 15:00:00','2026-06-02 17:30:00',60);
INSERT INTO `room_member` (`id`,`room_id`,`user_id`,`joined_at`,`quit_time`,`final_score`) VALUES (1000000000000086,1000000000000084,1000000000000012,'2026-06-02 15:00:00','2026-06-02 17:30:00',0);
INSERT INTO `room_member` (`id`,`room_id`,`user_id`,`joined_at`,`quit_time`,`final_score`) VALUES (1000000000000087,1000000000000084,1000000000000013,'2026-06-02 15:00:00','2026-06-02 17:30:00',40);
INSERT INTO `room_member` (`id`,`room_id`,`user_id`,`joined_at`,`quit_time`,`final_score`) VALUES (1000000000000088,1000000000000084,1000000000000014,'2026-06-02 15:00:00','2026-06-02 17:30:00',-30);
INSERT INTO `room_member` (`id`,`room_id`,`user_id`,`joined_at`,`quit_time`,`final_score`) VALUES (1000000000000089,1000000000000084,1000000000000015,'2026-06-02 15:00:00','2026-06-02 17:30:00',40);
INSERT INTO `room_member` (`id`,`room_id`,`user_id`,`joined_at`,`quit_time`,`final_score`) VALUES (1000000000000090,1000000000000084,1000000000000016,'2026-06-02 15:00:00','2026-06-02 17:30:00',-40);
INSERT INTO `room` (`id`,`room_no`,`owner_id`,`score_mode`,`round_input_method`,`trust_mode`,`zero_sum_required`,`status`,`all_record`,`last_active_at`,`created_at`,`updated_at`) VALUES (1000000000000091,'F4T8YZ',1000000000000006,1,1,1,1,1,'[{"batchTime": 1780139400000, "createdBy": 1000000000000006, "scores": [{"userId": 1000000000000006, "score": 200, "name": "桌游达人", "avatar": "https://smartrecord.oss-cn-hangzhou.aliyuncs.com/avatar/006.png"}, {"userId": 1000000000000011, "score": -100, "name": "淡定哥", "avatar": "https://smartrecord.oss-cn-hangzhou.aliyuncs.com/avatar/011.png"}, {"userId": 1000000000000017, "score": -100, "name": "夜猫子", "avatar": "https://smartrecord.oss-cn-hangzhou.aliyuncs.com/avatar/017.png"}]}, {"batchTime": 1780141200000, "createdBy": 1000000000000011, "scores": [{"userId": 1000000000000006, "score": -150, "name": "桌游达人", "avatar": "https://smartrecord.oss-cn-hangzhou.aliyuncs.com/avatar/006.png"}, {"userId": 1000000000000011, "score": 200, "name": "淡定哥", "avatar": "https://smartrecord.oss-cn-hangzhou.aliyuncs.com/avatar/011.png"}, {"userId": 1000000000000017, "score": -50, "name": "夜猫子", "avatar": "https://smartrecord.oss-cn-hangzhou.aliyuncs.com/avatar/017.png"}]}, {"batchTime": 1780143000000, "createdBy": 1000000000000017, "scores": [{"userId": 1000000000000006, "score": -50, "name": "桌游达人", "avatar": "https://smartrecord.oss-cn-hangzhou.aliyuncs.com/avatar/006.png"}, {"userId": 1000000000000011, "score": -100, "name": "淡定哥", "avatar": "https://smartrecord.oss-cn-hangzhou.aliyuncs.com/avatar/011.png"}, {"userId": 1000000000000017, "score": 150, "name": "夜猫子", "avatar": "https://smartrecord.oss-cn-hangzhou.aliyuncs.com/avatar/017.png"}]}]','2026-05-30 21:00:00','2026-05-30 19:00:00','2026-05-30 21:00:00');
INSERT INTO `room_member` (`id`,`room_id`,`user_id`,`joined_at`,`quit_time`,`final_score`) VALUES (1000000000000092,1000000000000091,1000000000000006,'2026-05-30 19:00:00','2026-05-30 21:00:00',0);
INSERT INTO `room_member` (`id`,`room_id`,`user_id`,`joined_at`,`quit_time`,`final_score`) VALUES (1000000000000093,1000000000000091,1000000000000011,'2026-05-30 19:00:00','2026-05-30 21:00:00',0);
INSERT INTO `room_member` (`id`,`room_id`,`user_id`,`joined_at`,`quit_time`,`final_score`) VALUES (1000000000000094,1000000000000091,1000000000000017,'2026-05-30 19:00:00','2026-05-30 21:00:00',0);
INSERT INTO `room` (`id`,`room_no`,`owner_id`,`score_mode`,`round_input_method`,`trust_mode`,`zero_sum_required`,`status`,`all_record`,`last_active_at`,`created_at`,`updated_at`) VALUES (1000000000000095,'G7V3AB',1000000000000007,1,1,1,0,1,'[{"batchTime": 1779711000000, "createdBy": 1000000000000007, "scores": [{"userId": 1000000000000007, "score": 100, "name": "策略家", "avatar": "https://smartrecord.oss-cn-hangzhou.aliyuncs.com/avatar/007.png"}, {"userId": 1000000000000008, "score": -50, "name": "观战者", "avatar": "https://smartrecord.oss-cn-hangzhou.aliyuncs.com/avatar/008.png"}, {"userId": 1000000000000018, "score": -30, "name": "早起鸟", "avatar": "https://smartrecord.oss-cn-hangzhou.aliyuncs.com/avatar/018.png"}, {"userId": 1000000000000019, "score": -10, "name": "沙发客", "avatar": ""}]}, {"batchTime": 1779712800000, "createdBy": 1000000000000008, "scores": [{"userId": 1000000000000007, "score": -80, "name": "策略家", "avatar": "https://smartrecord.oss-cn-hangzhou.aliyuncs.com/avatar/007.png"}, {"userId": 1000000000000008, "score": 120, "name": "观战者", "avatar": "https://smartrecord.oss-cn-hangzhou.aliyuncs.com/avatar/008.png"}, {"userId": 1000000000000018, "score": -20, "name": "早起鸟", "avatar": "https://smartrecord.oss-cn-hangzhou.aliyuncs.com/avatar/018.png"}, {"userId": 1000000000000019, "score": -10, "name": "沙发客", "avatar": ""}]}, {"batchTime": 1779714600000, "createdBy": 1000000000000018, "scores": [{"userId": 1000000000000007, "score": -20, "name": "策略家", "avatar": "https://smartrecord.oss-cn-hangzhou.aliyuncs.com/avatar/007.png"}, {"userId": 1000000000000008, "score": -70, "name": "观战者", "avatar": "https://smartrecord.oss-cn-hangzhou.aliyuncs.com/avatar/008.png"}, {"userId": 1000000000000018, "score": 80, "name": "早起鸟", "avatar": "https://smartrecord.oss-cn-hangzhou.aliyuncs.com/avatar/018.png"}, {"userId": 1000000000000019, "score": 30, "name": "沙发客", "avatar": ""}]}, {"batchTime": 1779716400000, "createdBy": 1000000000000007, "scores": [{"userId": 1000000000000007, "score": 50, "name": "策略家", "avatar": "https://smartrecord.oss-cn-hangzhou.aliyuncs.com/avatar/007.png"}, {"userId": 1000000000000008, "score": -30, "name": "观战者", "avatar": "https://smartrecord.oss-cn-hangzhou.aliyuncs.com/avatar/008.png"}, {"userId": 1000000000000018, "score": -10, "name": "早起鸟", "avatar": "https://smartrecord.oss-cn-hangzhou.aliyuncs.com/avatar/018.png"}, {"userId": 1000000000000019, "score": -20, "name": "沙发客", "avatar": ""}]}, {"transferEvents": [{"from": 1000000000000008, "to": 1000000000000007, "amount": 50, "time": 1779711060000, "remark": ""}, {"from": 1000000000000007, "to": 1000000000000008, "amount": 80, "time": 1779712860000, "remark": ""}]}]','2026-05-25 22:00:00','2026-05-25 20:00:00','2026-05-25 22:00:00');
INSERT INTO `room_member` (`id`,`room_id`,`user_id`,`joined_at`,`quit_time`,`final_score`) VALUES (1000000000000096,1000000000000095,1000000000000007,'2026-05-25 20:00:00','2026-05-25 22:00:00',50);
INSERT INTO `room_member` (`id`,`room_id`,`user_id`,`joined_at`,`quit_time`,`final_score`) VALUES (1000000000000097,1000000000000095,1000000000000008,'2026-05-25 20:00:00','2026-05-25 22:00:00',-30);
INSERT INTO `room_member` (`id`,`room_id`,`user_id`,`joined_at`,`quit_time`,`final_score`) VALUES (1000000000000098,1000000000000095,1000000000000018,'2026-05-25 20:00:00','2026-05-25 22:00:00',20);
INSERT INTO `room_member` (`id`,`room_id`,`user_id`,`joined_at`,`quit_time`,`final_score`) VALUES (1000000000000099,1000000000000095,1000000000000019,'2026-05-25 20:00:00','2026-05-25 22:00:00',-10);
INSERT INTO `room` (`id`,`room_no`,`owner_id`,`score_mode`,`round_input_method`,`trust_mode`,`zero_sum_required`,`status`,`all_record`,`last_active_at`,`created_at`,`updated_at`) VALUES (1000000000000100,'H1W5CD',1000000000000011,1,1,1,1,1,'[{"batchTime": 1779242700000, "createdBy": 1000000000000011, "scores": [{"userId": 1000000000000011, "score": 500, "name": "淡定哥", "avatar": "https://smartrecord.oss-cn-hangzhou.aliyuncs.com/avatar/011.png"}, {"userId": 1000000000000020, "score": -500, "name": "排行榜", "avatar": "https://smartrecord.oss-cn-hangzhou.aliyuncs.com/avatar/020.png"}]}, {"batchTime": 1779244200000, "createdBy": 1000000000000020, "scores": [{"userId": 1000000000000011, "score": -800, "name": "淡定哥", "avatar": "https://smartrecord.oss-cn-hangzhou.aliyuncs.com/avatar/011.png"}, {"userId": 1000000000000020, "score": 800, "name": "排行榜", "avatar": "https://smartrecord.oss-cn-hangzhou.aliyuncs.com/avatar/020.png"}]}, {"batchTime": 1779245400000, "createdBy": 1000000000000011, "scores": [{"userId": 1000000000000011, "score": 300, "name": "淡定哥", "avatar": "https://smartrecord.oss-cn-hangzhou.aliyuncs.com/avatar/011.png"}, {"userId": 1000000000000020, "score": -300, "name": "排行榜", "avatar": "https://smartrecord.oss-cn-hangzhou.aliyuncs.com/avatar/020.png"}]}]','2026-05-20 11:00:00','2026-05-20 10:00:00','2026-05-20 11:00:00');
INSERT INTO `room_member` (`id`,`room_id`,`user_id`,`joined_at`,`quit_time`,`final_score`) VALUES (1000000000000101,1000000000000100,1000000000000011,'2026-05-20 10:00:00','2026-05-20 11:00:00',0);
INSERT INTO `room_member` (`id`,`room_id`,`user_id`,`joined_at`,`quit_time`,`final_score`) VALUES (1000000000000102,1000000000000100,1000000000000020,'2026-05-20 10:00:00','2026-05-20 11:00:00',0);
INSERT INTO `room` (`id`,`room_no`,`owner_id`,`score_mode`,`round_input_method`,`trust_mode`,`zero_sum_required`,`status`,`all_record`,`last_active_at`,`created_at`,`updated_at`) VALUES (1000000000000103,'J6X9EF',1000000000000012,1,1,1,0,1,'[{"batchTime": 1776233400000, "createdBy": 1000000000000012, "scores": [{"userId": 1000000000000012, "score": 80, "name": "暴躁姐", "avatar": "https://smartrecord.oss-cn-hangzhou.aliyuncs.com/avatar/012.png"}, {"userId": 1000000000000015, "score": -40, "name": "随机手", "avatar": "https://smartrecord.oss-cn-hangzhou.aliyuncs.com/avatar/015.png"}, {"userId": 1000000000000021, "score": -20, "name": "小透明", "avatar": "https://smartrecord.oss-cn-hangzhou.aliyuncs.com/avatar/021.png"}, {"userId": 1000000000000022, "score": -10, "name": "隐藏大佬", "avatar": "https://smartrecord.oss-cn-hangzhou.aliyuncs.com/avatar/022.png"}]}, {"batchTime": 1776235800000, "createdBy": 1000000000000015, "scores": [{"userId": 1000000000000012, "score": -60, "name": "暴躁姐", "avatar": "https://smartrecord.oss-cn-hangzhou.aliyuncs.com/avatar/012.png"}, {"userId": 1000000000000015, "score": 100, "name": "随机手", "avatar": "https://smartrecord.oss-cn-hangzhou.aliyuncs.com/avatar/015.png"}, {"userId": 1000000000000021, "score": -30, "name": "小透明", "avatar": "https://smartrecord.oss-cn-hangzhou.aliyuncs.com/avatar/021.png"}, {"userId": 1000000000000022, "score": -10, "name": "隐藏大佬", "avatar": "https://smartrecord.oss-cn-hangzhou.aliyuncs.com/avatar/022.png"}]}, {"batchTime": 1776238200000, "createdBy": 1000000000000021, "scores": [{"userId": 1000000000000012, "score": -20, "name": "暴躁姐", "avatar": "https://smartrecord.oss-cn-hangzhou.aliyuncs.com/avatar/012.png"}, {"userId": 1000000000000015, "score": -60, "name": "随机手", "avatar": "https://smartrecord.oss-cn-hangzhou.aliyuncs.com/avatar/015.png"}, {"userId": 1000000000000021, "score": 90, "name": "小透明", "avatar": "https://smartrecord.oss-cn-hangzhou.aliyuncs.com/avatar/021.png"}, {"userId": 1000000000000022, "score": -10, "name": "隐藏大佬", "avatar": "https://smartrecord.oss-cn-hangzhou.aliyuncs.com/avatar/022.png"}]}, {"transferEvents": [{"from": 1000000000000015, "to": 1000000000000012, "amount": 40, "time": 1776233460000, "remark": ""}]}]','2026-04-15 16:30:00','2026-04-15 14:00:00','2026-04-15 16:30:00');
INSERT INTO `room_member` (`id`,`room_id`,`user_id`,`joined_at`,`quit_time`,`final_score`) VALUES (1000000000000104,1000000000000103,1000000000000012,'2026-04-15 14:00:00','2026-04-15 16:30:00',0);
INSERT INTO `room_member` (`id`,`room_id`,`user_id`,`joined_at`,`quit_time`,`final_score`) VALUES (1000000000000105,1000000000000103,1000000000000015,'2026-04-15 14:00:00','2026-04-15 16:30:00',0);
INSERT INTO `room_member` (`id`,`room_id`,`user_id`,`joined_at`,`quit_time`,`final_score`) VALUES (1000000000000106,1000000000000103,1000000000000021,'2026-04-15 14:00:00','2026-04-15 16:30:00',40);
INSERT INTO `room_member` (`id`,`room_id`,`user_id`,`joined_at`,`quit_time`,`final_score`) VALUES (1000000000000107,1000000000000103,1000000000000022,'2026-04-15 14:00:00','2026-04-15 16:30:00',-30);
INSERT INTO `room` (`id`,`room_no`,`owner_id`,`score_mode`,`round_input_method`,`trust_mode`,`zero_sum_required`,`status`,`all_record`,`last_active_at`,`created_at`,`updated_at`) VALUES (1000000000000108,'K2Y7GH',1000000000000023,1,1,1,1,1,'[{"batchTime": 1773130200000, "createdBy": 1000000000000023, "scores": [{"userId": 1000000000000023, "score": 100, "name": "咸鱼王", "avatar": "https://smartrecord.oss-cn-hangzhou.aliyuncs.com/avatar/023.png"}, {"userId": 1000000000000024, "score": -50, "name": "新人甲", "avatar": ""}, {"userId": 1000000000000025, "score": -50, "name": "新人乙", "avatar": ""}]}, {"batchTime": 1773132000000, "createdBy": 1000000000000024, "scores": [{"userId": 1000000000000023, "score": -200, "name": "咸鱼王", "avatar": "https://smartrecord.oss-cn-hangzhou.aliyuncs.com/avatar/023.png"}, {"userId": 1000000000000024, "score": 150, "name": "新人甲", "avatar": ""}, {"userId": 1000000000000025, "score": 50, "name": "新人乙", "avatar": ""}]}, {"batchTime": 1773133800000, "createdBy": 1000000000000025, "scores": [{"userId": 1000000000000023, "score": 100, "name": "咸鱼王", "avatar": "https://smartrecord.oss-cn-hangzhou.aliyuncs.com/avatar/023.png"}, {"userId": 1000000000000024, "score": -100, "name": "新人甲", "avatar": ""}, {"userId": 1000000000000025, "score": 0, "name": "新人乙", "avatar": ""}]}]','2026-03-10 18:00:00','2026-03-10 16:00:00','2026-03-10 18:00:00');
INSERT INTO `room_member` (`id`,`room_id`,`user_id`,`joined_at`,`quit_time`,`final_score`) VALUES (1000000000000109,1000000000000108,1000000000000023,'2026-03-10 16:00:00','2026-03-10 18:00:00',0);
INSERT INTO `room_member` (`id`,`room_id`,`user_id`,`joined_at`,`quit_time`,`final_score`) VALUES (1000000000000110,1000000000000108,1000000000000024,'2026-03-10 16:00:00','2026-03-10 18:00:00',0);
INSERT INTO `room_member` (`id`,`room_id`,`user_id`,`joined_at`,`quit_time`,`final_score`) VALUES (1000000000000111,1000000000000108,1000000000000025,'2026-03-10 16:00:00','2026-03-10 18:00:00',0);
INSERT INTO `room` (`id`,`room_no`,`owner_id`,`score_mode`,`round_input_method`,`trust_mode`,`zero_sum_required`,`status`,`all_record`,`last_active_at`,`created_at`,`updated_at`) VALUES (1000000000000112,'L8Z4IJ',1000000000000001,2,1,1,1,1,'[{"type": "ROUND_RECORD", "batchTime": 1780722330000, "roundId": 1000000000000026, "inputMethod": 1, "trustMode": 1, "zeroSumRequired": 1, "scores": [{"userId": 1000000000000001, "score": 100}, {"userId": 1000000000000005, "score": -50}, {"userId": 1000000000000010, "score": -30}, {"userId": 1000000000000016, "score": -20}], "totalScore": 0}, {"type": "ROUND_RECORD", "batchTime": 1780723230000, "roundId": 1000000000000027, "inputMethod": 1, "trustMode": 1, "zeroSumRequired": 1, "scores": [{"userId": 1000000000000001, "score": -80}, {"userId": 1000000000000005, "score": 60}, {"userId": 1000000000000010, "score": 10}, {"userId": 1000000000000016, "score": 10}], "totalScore": 0}, {"type": "ROUND_RECORD", "batchTime": 1780724430000, "roundId": 1000000000000028, "inputMethod": 1, "trustMode": 1, "zeroSumRequired": 1, "scores": [{"userId": 1000000000000001, "score": -20}, {"userId": 1000000000000005, "score": -10}, {"userId": 1000000000000010, "score": 20}, {"userId": 1000000000000016, "score": 10}], "totalScore": 0}]','2026-06-06 14:00:00','2026-06-06 13:00:00','2026-06-06 14:00:00');
INSERT INTO `room_member` (`id`,`room_id`,`user_id`,`joined_at`,`quit_time`,`final_score`) VALUES (1000000000000113,1000000000000112,1000000000000001,'2026-06-06 13:00:00','2026-06-06 14:00:00',0);
INSERT INTO `room_member` (`id`,`room_id`,`user_id`,`joined_at`,`quit_time`,`final_score`) VALUES (1000000000000114,1000000000000112,1000000000000005,'2026-06-06 13:00:00','2026-06-06 14:00:00',0);
INSERT INTO `room_member` (`id`,`room_id`,`user_id`,`joined_at`,`quit_time`,`final_score`) VALUES (1000000000000115,1000000000000112,1000000000000010,'2026-06-06 13:00:00','2026-06-06 14:00:00',0);
INSERT INTO `room_member` (`id`,`room_id`,`user_id`,`joined_at`,`quit_time`,`final_score`) VALUES (1000000000000116,1000000000000112,1000000000000016,'2026-06-06 13:00:00','2026-06-06 14:00:00',0);
INSERT INTO `room` (`id`,`room_no`,`owner_id`,`score_mode`,`round_input_method`,`trust_mode`,`zero_sum_required`,`status`,`all_record`,`last_active_at`,`created_at`,`updated_at`) VALUES (1000000000000117,'M5A6KL',1000000000000002,2,1,0,1,1,'[{"type": "ROUND_RECORD", "batchTime": 1780625400000, "roundId": 1000000000000029, "inputMethod": 1, "trustMode": 0, "zeroSumRequired": 1, "scores": [{"userId": 1000000000000002, "score": 150}, {"userId": 1000000000000006, "score": -80}, {"userId": 1000000000000011, "score": -70}], "totalScore": 0}, {"type": "ROUND_RECORD", "batchTime": 1780627800000, "roundId": 1000000000000030, "inputMethod": 1, "trustMode": 0, "zeroSumRequired": 1, "scores": [{"userId": 1000000000000002, "score": -100}, {"userId": 1000000000000006, "score": 120}, {"userId": 1000000000000011, "score": -20}], "totalScore": 0}, {"type": "ROUND_RECORD", "batchTime": 1780630200000, "roundId": 1000000000000031, "inputMethod": 1, "trustMode": 0, "zeroSumRequired": 1, "scores": [{"userId": 1000000000000002, "score": -50}, {"userId": 1000000000000006, "score": -40}, {"userId": 1000000000000011, "score": 90}], "totalScore": 0}]','2026-06-05 12:00:00','2026-06-05 10:00:00','2026-06-05 12:00:00');
INSERT INTO `room_member` (`id`,`room_id`,`user_id`,`joined_at`,`quit_time`,`final_score`) VALUES (1000000000000118,1000000000000117,1000000000000002,'2026-06-05 10:00:00','2026-06-05 12:00:00',0);
INSERT INTO `room_member` (`id`,`room_id`,`user_id`,`joined_at`,`quit_time`,`final_score`) VALUES (1000000000000119,1000000000000117,1000000000000006,'2026-06-05 10:00:00','2026-06-05 12:00:00',0);
INSERT INTO `room_member` (`id`,`room_id`,`user_id`,`joined_at`,`quit_time`,`final_score`) VALUES (1000000000000120,1000000000000117,1000000000000011,'2026-06-05 10:00:00','2026-06-05 12:00:00',0);
INSERT INTO `room` (`id`,`room_no`,`owner_id`,`score_mode`,`round_input_method`,`trust_mode`,`zero_sum_required`,`status`,`all_record`,`last_active_at`,`created_at`,`updated_at`) VALUES (1000000000000121,'N3B8MN',1000000000000003,2,2,1,1,1,'[{"type": "ROUND_RECORD", "batchTime": 1780556730000, "roundId": 1000000000000032, "inputMethod": 2, "trustMode": 1, "zeroSumRequired": 1, "scores": [{"userId": 1000000000000003, "score": 80}, {"userId": 1000000000000007, "score": -30}, {"userId": 1000000000000012, "score": -20}, {"userId": 1000000000000017, "score": -10}, {"userId": 1000000000000021, "score": -20}], "totalScore": 0}, {"type": "ROUND_RECORD", "batchTime": 1780558830000, "roundId": 1000000000000033, "inputMethod": 2, "trustMode": 1, "zeroSumRequired": 1, "scores": [{"userId": 1000000000000003, "score": -60}, {"userId": 1000000000000007, "score": 50}, {"userId": 1000000000000012, "score": -30}, {"userId": 1000000000000017, "score": 20}, {"userId": 1000000000000021, "score": 20}], "totalScore": 0}, {"type": "ROUND_RECORD", "batchTime": 1780561230000, "roundId": 1000000000000034, "inputMethod": 2, "trustMode": 1, "zeroSumRequired": 1, "scores": [{"userId": 1000000000000003, "score": -20}, {"userId": 1000000000000007, "score": -20}, {"userId": 1000000000000012, "score": 50}, {"userId": 1000000000000017, "score": -10}, {"userId": 1000000000000021, "score": 0}], "totalScore": 0}]','2026-06-04 17:00:00','2026-06-04 15:00:00','2026-06-04 17:00:00');
INSERT INTO `room_member` (`id`,`room_id`,`user_id`,`joined_at`,`quit_time`,`final_score`) VALUES (1000000000000122,1000000000000121,1000000000000003,'2026-06-04 15:00:00','2026-06-04 17:00:00',0);
INSERT INTO `room_member` (`id`,`room_id`,`user_id`,`joined_at`,`quit_time`,`final_score`) VALUES (1000000000000123,1000000000000121,1000000000000007,'2026-06-04 15:00:00','2026-06-04 17:00:00',0);
INSERT INTO `room_member` (`id`,`room_id`,`user_id`,`joined_at`,`quit_time`,`final_score`) VALUES (1000000000000124,1000000000000121,1000000000000012,'2026-06-04 15:00:00','2026-06-04 17:00:00',0);
INSERT INTO `room_member` (`id`,`room_id`,`user_id`,`joined_at`,`quit_time`,`final_score`) VALUES (1000000000000125,1000000000000121,1000000000000017,'2026-06-04 15:00:00','2026-06-04 17:00:00',0);
INSERT INTO `room_member` (`id`,`room_id`,`user_id`,`joined_at`,`quit_time`,`final_score`) VALUES (1000000000000126,1000000000000121,1000000000000021,'2026-06-04 15:00:00','2026-06-04 17:00:00',0);
INSERT INTO `room` (`id`,`room_no`,`owner_id`,`score_mode`,`round_input_method`,`trust_mode`,`zero_sum_required`,`status`,`all_record`,`last_active_at`,`created_at`,`updated_at`) VALUES (1000000000000127,'P7C2OP',1000000000000004,2,1,1,0,1,'[{"type": "ROUND_RECORD", "batchTime": 1780452330000, "roundId": 1000000000000035, "inputMethod": 1, "trustMode": 1, "zeroSumRequired": 0, "scores": [{"userId": 1000000000000004, "score": 100}, {"userId": 1000000000000009, "score": -50}, {"userId": 1000000000000013, "score": -30}, {"userId": 1000000000000018, "score": -10}], "totalScore": 10}, {"type": "ROUND_RECORD", "batchTime": 1780454430000, "roundId": 1000000000000036, "inputMethod": 1, "trustMode": 1, "zeroSumRequired": 0, "scores": [{"userId": 1000000000000004, "score": -70}, {"userId": 1000000000000009, "score": 80}, {"userId": 1000000000000013, "score": -20}, {"userId": 1000000000000018, "score": 10}], "totalScore": 0}]','2026-06-03 12:00:00','2026-06-03 10:00:00','2026-06-03 12:00:00');
INSERT INTO `room_member` (`id`,`room_id`,`user_id`,`joined_at`,`quit_time`,`final_score`) VALUES (1000000000000128,1000000000000127,1000000000000004,'2026-06-03 10:00:00','2026-06-03 12:00:00',30);
INSERT INTO `room_member` (`id`,`room_id`,`user_id`,`joined_at`,`quit_time`,`final_score`) VALUES (1000000000000129,1000000000000127,1000000000000009,'2026-06-03 10:00:00','2026-06-03 12:00:00',30);
INSERT INTO `room_member` (`id`,`room_id`,`user_id`,`joined_at`,`quit_time`,`final_score`) VALUES (1000000000000130,1000000000000127,1000000000000013,'2026-06-03 10:00:00','2026-06-03 12:00:00',-50);
INSERT INTO `room_member` (`id`,`room_id`,`user_id`,`joined_at`,`quit_time`,`final_score`) VALUES (1000000000000131,1000000000000127,1000000000000018,'2026-06-03 10:00:00','2026-06-03 12:00:00',0);
INSERT INTO `room` (`id`,`room_no`,`owner_id`,`score_mode`,`round_input_method`,`trust_mode`,`zero_sum_required`,`status`,`all_record`,`last_active_at`,`created_at`,`updated_at`) VALUES (1000000000000132,'Q9D5QR',1000000000000008,2,2,0,1,1,'[{"type": "ROUND_RECORD", "batchTime": 1779966900000, "roundId": 1000000000000037, "inputMethod": 2, "trustMode": 0, "zeroSumRequired": 1, "scores": [{"userId": 1000000000000008, "score": 200}, {"userId": 1000000000000014, "score": -100}, {"userId": 1000000000000019, "score": -100}], "totalScore": 0}, {"type": "ROUND_RECORD", "batchTime": 1779970200000, "roundId": 1000000000000038, "inputMethod": 2, "trustMode": 0, "zeroSumRequired": 1, "scores": [{"userId": 1000000000000008, "score": -300}, {"userId": 1000000000000014, "score": 200}, {"userId": 1000000000000019, "score": 100}], "totalScore": 0}, {"type": "ROUND_RECORD", "batchTime": 1779972000000, "roundId": 1000000000000039, "inputMethod": 2, "trustMode": 0, "zeroSumRequired": 1, "scores": [{"userId": 1000000000000008, "score": 100}, {"userId": 1000000000000014, "score": -100}, {"userId": 1000000000000019, "score": 0}], "totalScore": 0}]','2026-05-28 21:00:00','2026-05-28 19:00:00','2026-05-28 21:00:00');
INSERT INTO `room_member` (`id`,`room_id`,`user_id`,`joined_at`,`quit_time`,`final_score`) VALUES (1000000000000133,1000000000000132,1000000000000008,'2026-05-28 19:00:00','2026-05-28 21:00:00',0);
INSERT INTO `room_member` (`id`,`room_id`,`user_id`,`joined_at`,`quit_time`,`final_score`) VALUES (1000000000000134,1000000000000132,1000000000000014,'2026-05-28 19:00:00','2026-05-28 21:00:00',0);
INSERT INTO `room_member` (`id`,`room_id`,`user_id`,`joined_at`,`quit_time`,`final_score`) VALUES (1000000000000135,1000000000000132,1000000000000019,'2026-05-28 19:00:00','2026-05-28 21:00:00',0);
INSERT INTO `room` (`id`,`room_no`,`owner_id`,`score_mode`,`round_input_method`,`trust_mode`,`zero_sum_required`,`status`,`all_record`,`last_active_at`,`created_at`,`updated_at`) VALUES (1000000000000136,'R1E7ST',1000000000000010,2,1,1,1,1,'[{"type": "ROUND_RECORD", "batchTime": 1778825430000, "roundId": 1000000000000040, "inputMethod": 1, "trustMode": 1, "zeroSumRequired": 1, "scores": [{"userId": 1000000000000010, "score": 100}, {"userId": 1000000000000011, "score": -30}, {"userId": 1000000000000012, "score": -20}, {"userId": 1000000000000013, "score": -20}, {"userId": 1000000000000014, "score": -10}, {"userId": 1000000000000015, "score": -20}], "totalScore": 0}, {"type": "ROUND_RECORD", "batchTime": 1778828430000, "roundId": 1000000000000041, "inputMethod": 1, "trustMode": 1, "zeroSumRequired": 1, "scores": [{"userId": 1000000000000010, "score": -80}, {"userId": 1000000000000011, "score": 60}, {"userId": 1000000000000012, "score": -30}, {"userId": 1000000000000013, "score": 20}, {"userId": 1000000000000014, "score": 10}, {"userId": 1000000000000015, "score": 20}], "totalScore": 0}, {"type": "ROUND_RECORD", "batchTime": 1778830230000, "roundId": 1000000000000042, "inputMethod": 1, "trustMode": 1, "zeroSumRequired": 1, "scores": [{"userId": 1000000000000010, "score": -20}, {"userId": 1000000000000011, "score": -30}, {"userId": 1000000000000012, "score": 50}, {"userId": 1000000000000013, "score": 0}, {"userId": 1000000000000014, "score": -10}, {"userId": 1000000000000015, "score": 10}], "totalScore": 0}]','2026-05-15 16:00:00','2026-05-15 14:00:00','2026-05-15 16:00:00');
INSERT INTO `room_member` (`id`,`room_id`,`user_id`,`joined_at`,`quit_time`,`final_score`) VALUES (1000000000000137,1000000000000136,1000000000000010,'2026-05-15 14:00:00','2026-05-15 16:00:00',0);
INSERT INTO `room_member` (`id`,`room_id`,`user_id`,`joined_at`,`quit_time`,`final_score`) VALUES (1000000000000138,1000000000000136,1000000000000011,'2026-05-15 14:00:00','2026-05-15 16:00:00',0);
INSERT INTO `room_member` (`id`,`room_id`,`user_id`,`joined_at`,`quit_time`,`final_score`) VALUES (1000000000000139,1000000000000136,1000000000000012,'2026-05-15 14:00:00','2026-05-15 16:00:00',0);
INSERT INTO `room_member` (`id`,`room_id`,`user_id`,`joined_at`,`quit_time`,`final_score`) VALUES (1000000000000140,1000000000000136,1000000000000013,'2026-05-15 14:00:00','2026-05-15 16:00:00',0);
INSERT INTO `room_member` (`id`,`room_id`,`user_id`,`joined_at`,`quit_time`,`final_score`) VALUES (1000000000000141,1000000000000136,1000000000000014,'2026-05-15 14:00:00','2026-05-15 16:00:00',-10);
INSERT INTO `room_member` (`id`,`room_id`,`user_id`,`joined_at`,`quit_time`,`final_score`) VALUES (1000000000000142,1000000000000136,1000000000000015,'2026-05-15 14:00:00','2026-05-15 16:00:00',10);
INSERT INTO `room` (`id`,`room_no`,`owner_id`,`score_mode`,`round_input_method`,`trust_mode`,`zero_sum_required`,`status`,`all_record`,`last_active_at`,`created_at`,`updated_at`) VALUES (1000000000000143,'S4F9UV',1000000000000016,2,1,1,0,1,'[{"type": "ROUND_RECORD", "batchTime": 1776679830000, "roundId": 1000000000000043, "inputMethod": 1, "trustMode": 1, "zeroSumRequired": 0, "scores": [{"userId": 1000000000000016, "score": 120}, {"userId": 1000000000000017, "score": -60}, {"userId": 1000000000000020, "score": -40}, {"userId": 1000000000000022, "score": -10}], "totalScore": 10}, {"type": "ROUND_RECORD", "batchTime": 1776682830000, "roundId": 1000000000000044, "inputMethod": 1, "trustMode": 1, "zeroSumRequired": 0, "scores": [{"userId": 1000000000000016, "score": -80}, {"userId": 1000000000000017, "score": 100}, {"userId": 1000000000000020, "score": -20}, {"userId": 1000000000000022, "score": 10}], "totalScore": 10}]','2026-04-20 20:00:00','2026-04-20 18:00:00','2026-04-20 20:00:00');
INSERT INTO `room_member` (`id`,`room_id`,`user_id`,`joined_at`,`quit_time`,`final_score`) VALUES (1000000000000144,1000000000000143,1000000000000016,'2026-04-20 18:00:00','2026-04-20 20:00:00',40);
INSERT INTO `room_member` (`id`,`room_id`,`user_id`,`joined_at`,`quit_time`,`final_score`) VALUES (1000000000000145,1000000000000143,1000000000000017,'2026-04-20 18:00:00','2026-04-20 20:00:00',40);
INSERT INTO `room_member` (`id`,`room_id`,`user_id`,`joined_at`,`quit_time`,`final_score`) VALUES (1000000000000146,1000000000000143,1000000000000020,'2026-04-20 18:00:00','2026-04-20 20:00:00',-60);
INSERT INTO `room_member` (`id`,`room_id`,`user_id`,`joined_at`,`quit_time`,`final_score`) VALUES (1000000000000147,1000000000000143,1000000000000022,'2026-04-20 18:00:00','2026-04-20 20:00:00',0);
INSERT INTO `room` (`id`,`room_no`,`owner_id`,`score_mode`,`round_input_method`,`trust_mode`,`zero_sum_required`,`status`,`all_record`,`last_active_at`,`created_at`,`updated_at`) VALUES (1000000000000148,'T8G3WX',1000000000000021,2,1,1,1,1,'[{"type": "ROUND_RECORD", "batchTime": 1774440330000, "roundId": 1000000000000045, "inputMethod": 1, "trustMode": 1, "zeroSumRequired": 1, "scores": [{"userId": 1000000000000021, "score": 300}, {"userId": 1000000000000023, "score": -300}], "totalScore": 0}, {"type": "ROUND_RECORD", "batchTime": 1774442430000, "roundId": 1000000000000046, "inputMethod": 1, "trustMode": 1, "zeroSumRequired": 1, "scores": [{"userId": 1000000000000021, "score": -500}, {"userId": 1000000000000023, "score": 500}], "totalScore": 0}, {"type": "ROUND_RECORD", "batchTime": 1774444230000, "roundId": 1000000000000047, "inputMethod": 1, "trustMode": 1, "zeroSumRequired": 1, "scores": [{"userId": 1000000000000021, "score": 200}, {"userId": 1000000000000023, "score": -200}], "totalScore": 0}]','2026-03-25 21:30:00','2026-03-25 20:00:00','2026-03-25 21:30:00');
INSERT INTO `room_member` (`id`,`room_id`,`user_id`,`joined_at`,`quit_time`,`final_score`) VALUES (1000000000000149,1000000000000148,1000000000000021,'2026-03-25 20:00:00','2026-03-25 21:30:00',0);
INSERT INTO `room_member` (`id`,`room_id`,`user_id`,`joined_at`,`quit_time`,`final_score`) VALUES (1000000000000150,1000000000000148,1000000000000023,'2026-03-25 20:00:00','2026-03-25 21:30:00',0);
INSERT INTO `room` (`id`,`room_no`,`owner_id`,`score_mode`,`round_input_method`,`trust_mode`,`zero_sum_required`,`status`,`all_record`,`last_active_at`,`created_at`,`updated_at`) VALUES (1000000000000151,'U6H8YZ',1000000000000024,2,2,1,0,1,'[{"type": "ROUND_RECORD", "batchTime": 1775805030000, "roundId": 1000000000000048, "inputMethod": 2, "trustMode": 1, "zeroSumRequired": 0, "scores": [{"userId": 1000000000000024, "score": 80}, {"userId": 1000000000000025, "score": -50}, {"userId": 1000000000000001, "score": -20}], "totalScore": 10}, {"type": "ROUND_RECORD", "batchTime": 1775808030000, "roundId": 1000000000000049, "inputMethod": 2, "trustMode": 1, "zeroSumRequired": 0, "scores": [{"userId": 1000000000000024, "score": -60}, {"userId": 1000000000000025, "score": 100}, {"userId": 1000000000000001, "score": -30}], "totalScore": 10}]','2026-04-10 17:00:00','2026-04-10 15:00:00','2026-04-10 17:00:00');
INSERT INTO `room_member` (`id`,`room_id`,`user_id`,`joined_at`,`quit_time`,`final_score`) VALUES (1000000000000152,1000000000000151,1000000000000024,'2026-04-10 15:00:00','2026-04-10 17:00:00',20);
INSERT INTO `room_member` (`id`,`room_id`,`user_id`,`joined_at`,`quit_time`,`final_score`) VALUES (1000000000000153,1000000000000151,1000000000000025,'2026-04-10 15:00:00','2026-04-10 17:00:00',50);
INSERT INTO `room_member` (`id`,`room_id`,`user_id`,`joined_at`,`quit_time`,`final_score`) VALUES (1000000000000154,1000000000000151,1000000000000001,'2026-04-10 15:00:00','2026-04-10 17:00:00',-50);
INSERT INTO `room` (`id`,`room_no`,`owner_id`,`score_mode`,`round_input_method`,`trust_mode`,`zero_sum_required`,`status`,`all_record`,`last_active_at`,`created_at`,`updated_at`) VALUES (1000000000000155,'V2J1AB',1000000000000002,2,1,0,1,1,'[{"type": "ROUND_RECORD", "batchTime": 1780280100000, "roundId": 1000000000000050, "inputMethod": 1, "trustMode": 0, "zeroSumRequired": 1, "scores": [{"userId": 1000000000000002, "score": 60}, {"userId": 1000000000000004, "score": -20}, {"userId": 1000000000000007, "score": -30}, {"userId": 1000000000000009, "score": -10}], "totalScore": 0}, {"type": "ROUND_RECORD", "batchTime": 1780282200000, "roundId": 1000000000000051, "inputMethod": 1, "trustMode": 0, "zeroSumRequired": 1, "scores": [{"userId": 1000000000000002, "score": -40}, {"userId": 1000000000000004, "score": 50}, {"userId": 1000000000000007, "score": -10}, {"userId": 1000000000000009, "score": 0}], "totalScore": 0}, {"type": "ROUND_RECORD", "batchTime": 1780284600000, "roundId": 1000000000000052, "inputMethod": 1, "trustMode": 0, "zeroSumRequired": 1, "scores": [{"userId": 1000000000000002, "score": -20}, {"userId": 1000000000000004, "score": -30}, {"userId": 1000000000000007, "score": 40}, {"userId": 1000000000000009, "score": 10}], "totalScore": 0}]','2026-06-01 12:00:00','2026-06-01 10:00:00','2026-06-01 12:00:00');
INSERT INTO `room_member` (`id`,`room_id`,`user_id`,`joined_at`,`quit_time`,`final_score`) VALUES (1000000000000156,1000000000000155,1000000000000002,'2026-06-01 10:00:00','2026-06-01 12:00:00',0);
INSERT INTO `room_member` (`id`,`room_id`,`user_id`,`joined_at`,`quit_time`,`final_score`) VALUES (1000000000000157,1000000000000155,1000000000000004,'2026-06-01 10:00:00','2026-06-01 12:00:00',0);
INSERT INTO `room_member` (`id`,`room_id`,`user_id`,`joined_at`,`quit_time`,`final_score`) VALUES (1000000000000158,1000000000000155,1000000000000007,'2026-06-01 10:00:00','2026-06-01 12:00:00',0);
INSERT INTO `room_member` (`id`,`room_id`,`user_id`,`joined_at`,`quit_time`,`final_score`) VALUES (1000000000000159,1000000000000155,1000000000000009,'2026-06-01 10:00:00','2026-06-01 12:00:00',0);
INSERT INTO `round_record` (`id`,`room_id`,`status`,`input_method`,`trust_mode`,`zero_sum_required`,`created_by`,`total_score`,`rejected_by`,`applied_at`,`created_at`) VALUES (2000000000000001,1000000000000112,3,1,1,1,1000000000000001,0,NULL,'2026-06-06 13:05:30','2026-06-06 13:05:00');
INSERT INTO `round_record_detail` (`id`,`round_record_id`,`user_id`,`score`) VALUES (1000000000000160,2000000000000001,1000000000000001,100);
INSERT INTO `round_record_detail` (`id`,`round_record_id`,`user_id`,`score`) VALUES (1000000000000161,2000000000000001,1000000000000005,-50);
INSERT INTO `round_record_detail` (`id`,`round_record_id`,`user_id`,`score`) VALUES (1000000000000162,2000000000000001,1000000000000010,-30);
INSERT INTO `round_record_detail` (`id`,`round_record_id`,`user_id`,`score`) VALUES (1000000000000163,2000000000000001,1000000000000016,-20);
INSERT INTO `round_record` (`id`,`room_id`,`status`,`input_method`,`trust_mode`,`zero_sum_required`,`created_by`,`total_score`,`rejected_by`,`applied_at`,`created_at`) VALUES (2000000000000002,1000000000000112,3,1,1,1,1000000000000001,0,NULL,'2026-06-06 13:20:30','2026-06-06 13:20:00');
INSERT INTO `round_record_detail` (`id`,`round_record_id`,`user_id`,`score`) VALUES (1000000000000164,2000000000000002,1000000000000001,-80);
INSERT INTO `round_record_detail` (`id`,`round_record_id`,`user_id`,`score`) VALUES (1000000000000165,2000000000000002,1000000000000005,60);
INSERT INTO `round_record_detail` (`id`,`round_record_id`,`user_id`,`score`) VALUES (1000000000000166,2000000000000002,1000000000000010,10);
INSERT INTO `round_record_detail` (`id`,`round_record_id`,`user_id`,`score`) VALUES (1000000000000167,2000000000000002,1000000000000016,10);
INSERT INTO `round_record` (`id`,`room_id`,`status`,`input_method`,`trust_mode`,`zero_sum_required`,`created_by`,`total_score`,`rejected_by`,`applied_at`,`created_at`) VALUES (2000000000000003,1000000000000112,3,1,1,1,1000000000000001,0,NULL,'2026-06-06 13:40:30','2026-06-06 13:40:00');
INSERT INTO `round_record_detail` (`id`,`round_record_id`,`user_id`,`score`) VALUES (1000000000000168,2000000000000003,1000000000000001,-20);
INSERT INTO `round_record_detail` (`id`,`round_record_id`,`user_id`,`score`) VALUES (1000000000000169,2000000000000003,1000000000000005,-10);
INSERT INTO `round_record_detail` (`id`,`round_record_id`,`user_id`,`score`) VALUES (1000000000000170,2000000000000003,1000000000000010,20);
INSERT INTO `round_record_detail` (`id`,`round_record_id`,`user_id`,`score`) VALUES (1000000000000171,2000000000000003,1000000000000016,10);
INSERT INTO `round_record` (`id`,`room_id`,`status`,`input_method`,`trust_mode`,`zero_sum_required`,`created_by`,`total_score`,`rejected_by`,`applied_at`,`created_at`) VALUES (2000000000000004,1000000000000117,3,1,0,1,1000000000000002,0,NULL,'2026-06-05 10:10:00','2026-06-05 10:05:00');
INSERT INTO `round_record_detail` (`id`,`round_record_id`,`user_id`,`score`) VALUES (1000000000000172,2000000000000004,1000000000000002,150);
INSERT INTO `round_record_detail` (`id`,`round_record_id`,`user_id`,`score`) VALUES (1000000000000173,2000000000000004,1000000000000006,-80);
INSERT INTO `round_record_detail` (`id`,`round_record_id`,`user_id`,`score`) VALUES (1000000000000174,2000000000000004,1000000000000011,-70);
INSERT INTO `round_record` (`id`,`room_id`,`status`,`input_method`,`trust_mode`,`zero_sum_required`,`created_by`,`total_score`,`rejected_by`,`applied_at`,`created_at`) VALUES (2000000000000005,1000000000000117,3,1,0,1,1000000000000002,0,NULL,'2026-06-05 10:50:00','2026-06-05 10:40:00');
INSERT INTO `round_record_detail` (`id`,`round_record_id`,`user_id`,`score`) VALUES (1000000000000175,2000000000000005,1000000000000002,-100);
INSERT INTO `round_record_detail` (`id`,`round_record_id`,`user_id`,`score`) VALUES (1000000000000176,2000000000000005,1000000000000006,120);
INSERT INTO `round_record_detail` (`id`,`round_record_id`,`user_id`,`score`) VALUES (1000000000000177,2000000000000005,1000000000000011,-20);
INSERT INTO `round_record` (`id`,`room_id`,`status`,`input_method`,`trust_mode`,`zero_sum_required`,`created_by`,`total_score`,`rejected_by`,`applied_at`,`created_at`) VALUES (2000000000000006,1000000000000117,3,1,0,1,1000000000000002,0,NULL,'2026-06-05 11:30:00','2026-06-05 11:20:00');
INSERT INTO `round_record_detail` (`id`,`round_record_id`,`user_id`,`score`) VALUES (1000000000000178,2000000000000006,1000000000000002,-50);
INSERT INTO `round_record_detail` (`id`,`round_record_id`,`user_id`,`score`) VALUES (1000000000000179,2000000000000006,1000000000000006,-40);
INSERT INTO `round_record_detail` (`id`,`round_record_id`,`user_id`,`score`) VALUES (1000000000000180,2000000000000006,1000000000000011,90);
INSERT INTO `round_record` (`id`,`room_id`,`status`,`input_method`,`trust_mode`,`zero_sum_required`,`created_by`,`total_score`,`rejected_by`,`applied_at`,`created_at`) VALUES (2000000000000007,1000000000000121,3,2,1,1,1000000000000003,0,NULL,'2026-06-04 15:05:30','2026-06-04 15:05:00');
INSERT INTO `round_record_detail` (`id`,`round_record_id`,`user_id`,`score`) VALUES (1000000000000181,2000000000000007,1000000000000003,80);
INSERT INTO `round_record_detail` (`id`,`round_record_id`,`user_id`,`score`) VALUES (1000000000000182,2000000000000007,1000000000000007,-30);
INSERT INTO `round_record_detail` (`id`,`round_record_id`,`user_id`,`score`) VALUES (1000000000000183,2000000000000007,1000000000000012,-20);
INSERT INTO `round_record_detail` (`id`,`round_record_id`,`user_id`,`score`) VALUES (1000000000000184,2000000000000007,1000000000000017,-10);
INSERT INTO `round_record_detail` (`id`,`round_record_id`,`user_id`,`score`) VALUES (1000000000000185,2000000000000007,1000000000000021,-20);
INSERT INTO `round_record` (`id`,`room_id`,`status`,`input_method`,`trust_mode`,`zero_sum_required`,`created_by`,`total_score`,`rejected_by`,`applied_at`,`created_at`) VALUES (2000000000000008,1000000000000121,3,2,1,1,1000000000000003,0,NULL,'2026-06-04 15:40:30','2026-06-04 15:40:00');
INSERT INTO `round_record_detail` (`id`,`round_record_id`,`user_id`,`score`) VALUES (1000000000000186,2000000000000008,1000000000000003,-60);
INSERT INTO `round_record_detail` (`id`,`round_record_id`,`user_id`,`score`) VALUES (1000000000000187,2000000000000008,1000000000000007,50);
INSERT INTO `round_record_detail` (`id`,`round_record_id`,`user_id`,`score`) VALUES (1000000000000188,2000000000000008,1000000000000012,-30);
INSERT INTO `round_record_detail` (`id`,`round_record_id`,`user_id`,`score`) VALUES (1000000000000189,2000000000000008,1000000000000017,20);
INSERT INTO `round_record_detail` (`id`,`round_record_id`,`user_id`,`score`) VALUES (1000000000000190,2000000000000008,1000000000000021,20);
INSERT INTO `round_record` (`id`,`room_id`,`status`,`input_method`,`trust_mode`,`zero_sum_required`,`created_by`,`total_score`,`rejected_by`,`applied_at`,`created_at`) VALUES (2000000000000009,1000000000000121,3,2,1,1,1000000000000003,0,NULL,'2026-06-04 16:20:30','2026-06-04 16:20:00');
INSERT INTO `round_record_detail` (`id`,`round_record_id`,`user_id`,`score`) VALUES (1000000000000191,2000000000000009,1000000000000003,-20);
INSERT INTO `round_record_detail` (`id`,`round_record_id`,`user_id`,`score`) VALUES (1000000000000192,2000000000000009,1000000000000007,-20);
INSERT INTO `round_record_detail` (`id`,`round_record_id`,`user_id`,`score`) VALUES (1000000000000193,2000000000000009,1000000000000012,50);
INSERT INTO `round_record_detail` (`id`,`round_record_id`,`user_id`,`score`) VALUES (1000000000000194,2000000000000009,1000000000000017,-10);
INSERT INTO `round_record_detail` (`id`,`round_record_id`,`user_id`,`score`) VALUES (1000000000000195,2000000000000009,1000000000000021,0);
INSERT INTO `round_record` (`id`,`room_id`,`status`,`input_method`,`trust_mode`,`zero_sum_required`,`created_by`,`total_score`,`rejected_by`,`applied_at`,`created_at`) VALUES (2000000000000010,1000000000000127,3,1,1,0,1000000000000004,10,NULL,'2026-06-03 10:05:30','2026-06-03 10:05:00');
INSERT INTO `round_record_detail` (`id`,`round_record_id`,`user_id`,`score`) VALUES (1000000000000196,2000000000000010,1000000000000004,100);
INSERT INTO `round_record_detail` (`id`,`round_record_id`,`user_id`,`score`) VALUES (1000000000000197,2000000000000010,1000000000000009,-50);
INSERT INTO `round_record_detail` (`id`,`round_record_id`,`user_id`,`score`) VALUES (1000000000000198,2000000000000010,1000000000000013,-30);
INSERT INTO `round_record_detail` (`id`,`round_record_id`,`user_id`,`score`) VALUES (1000000000000199,2000000000000010,1000000000000018,-10);
INSERT INTO `round_record` (`id`,`room_id`,`status`,`input_method`,`trust_mode`,`zero_sum_required`,`created_by`,`total_score`,`rejected_by`,`applied_at`,`created_at`) VALUES (2000000000000011,1000000000000127,3,1,1,0,1000000000000004,0,NULL,'2026-06-03 10:40:30','2026-06-03 10:40:00');
INSERT INTO `round_record_detail` (`id`,`round_record_id`,`user_id`,`score`) VALUES (1000000000000200,2000000000000011,1000000000000004,-70);
INSERT INTO `round_record_detail` (`id`,`round_record_id`,`user_id`,`score`) VALUES (1000000000000201,2000000000000011,1000000000000009,80);
INSERT INTO `round_record_detail` (`id`,`round_record_id`,`user_id`,`score`) VALUES (1000000000000202,2000000000000011,1000000000000013,-20);
INSERT INTO `round_record_detail` (`id`,`round_record_id`,`user_id`,`score`) VALUES (1000000000000203,2000000000000011,1000000000000018,10);
INSERT INTO `round_record` (`id`,`room_id`,`status`,`input_method`,`trust_mode`,`zero_sum_required`,`created_by`,`total_score`,`rejected_by`,`applied_at`,`created_at`) VALUES (2000000000000012,1000000000000132,3,2,0,1,1000000000000008,0,NULL,'2026-05-28 19:15:00','2026-05-28 19:05:00');
INSERT INTO `round_record_detail` (`id`,`round_record_id`,`user_id`,`score`) VALUES (1000000000000204,2000000000000012,1000000000000008,200);
INSERT INTO `round_record_detail` (`id`,`round_record_id`,`user_id`,`score`) VALUES (1000000000000205,2000000000000012,1000000000000014,-100);
INSERT INTO `round_record_detail` (`id`,`round_record_id`,`user_id`,`score`) VALUES (1000000000000206,2000000000000012,1000000000000019,-100);
INSERT INTO `round_record` (`id`,`room_id`,`status`,`input_method`,`trust_mode`,`zero_sum_required`,`created_by`,`total_score`,`rejected_by`,`applied_at`,`created_at`) VALUES (2000000000000013,1000000000000132,3,2,0,1,1000000000000008,0,NULL,'2026-05-28 20:10:00','2026-05-28 20:00:00');
INSERT INTO `round_record_detail` (`id`,`round_record_id`,`user_id`,`score`) VALUES (1000000000000207,2000000000000013,1000000000000008,-300);
INSERT INTO `round_record_detail` (`id`,`round_record_id`,`user_id`,`score`) VALUES (1000000000000208,2000000000000013,1000000000000014,200);
INSERT INTO `round_record_detail` (`id`,`round_record_id`,`user_id`,`score`) VALUES (1000000000000209,2000000000000013,1000000000000019,100);
INSERT INTO `round_record` (`id`,`room_id`,`status`,`input_method`,`trust_mode`,`zero_sum_required`,`created_by`,`total_score`,`rejected_by`,`applied_at`,`created_at`) VALUES (2000000000000014,1000000000000132,3,2,0,1,1000000000000008,0,NULL,'2026-05-28 20:40:00','2026-05-28 20:30:00');
INSERT INTO `round_record_detail` (`id`,`round_record_id`,`user_id`,`score`) VALUES (1000000000000210,2000000000000014,1000000000000008,100);
INSERT INTO `round_record_detail` (`id`,`round_record_id`,`user_id`,`score`) VALUES (1000000000000211,2000000000000014,1000000000000014,-100);
INSERT INTO `round_record_detail` (`id`,`round_record_id`,`user_id`,`score`) VALUES (1000000000000212,2000000000000014,1000000000000019,0);
INSERT INTO `round_record` (`id`,`room_id`,`status`,`input_method`,`trust_mode`,`zero_sum_required`,`created_by`,`total_score`,`rejected_by`,`applied_at`,`created_at`) VALUES (2000000000000015,1000000000000136,3,1,1,1,1000000000000010,0,NULL,'2026-05-15 14:10:30','2026-05-15 14:10:00');
INSERT INTO `round_record_detail` (`id`,`round_record_id`,`user_id`,`score`) VALUES (1000000000000213,2000000000000015,1000000000000010,100);
INSERT INTO `round_record_detail` (`id`,`round_record_id`,`user_id`,`score`) VALUES (1000000000000214,2000000000000015,1000000000000011,-30);
INSERT INTO `round_record_detail` (`id`,`round_record_id`,`user_id`,`score`) VALUES (1000000000000215,2000000000000015,1000000000000012,-20);
INSERT INTO `round_record_detail` (`id`,`round_record_id`,`user_id`,`score`) VALUES (1000000000000216,2000000000000015,1000000000000013,-20);
INSERT INTO `round_record_detail` (`id`,`round_record_id`,`user_id`,`score`) VALUES (1000000000000217,2000000000000015,1000000000000014,-10);
INSERT INTO `round_record_detail` (`id`,`round_record_id`,`user_id`,`score`) VALUES (1000000000000218,2000000000000015,1000000000000015,-20);
INSERT INTO `round_record` (`id`,`room_id`,`status`,`input_method`,`trust_mode`,`zero_sum_required`,`created_by`,`total_score`,`rejected_by`,`applied_at`,`created_at`) VALUES (2000000000000016,1000000000000136,3,1,1,1,1000000000000010,0,NULL,'2026-05-15 15:00:30','2026-05-15 15:00:00');
INSERT INTO `round_record_detail` (`id`,`round_record_id`,`user_id`,`score`) VALUES (1000000000000219,2000000000000016,1000000000000010,-80);
INSERT INTO `round_record_detail` (`id`,`round_record_id`,`user_id`,`score`) VALUES (1000000000000220,2000000000000016,1000000000000011,60);
INSERT INTO `round_record_detail` (`id`,`round_record_id`,`user_id`,`score`) VALUES (1000000000000221,2000000000000016,1000000000000012,-30);
INSERT INTO `round_record_detail` (`id`,`round_record_id`,`user_id`,`score`) VALUES (1000000000000222,2000000000000016,1000000000000013,20);
INSERT INTO `round_record_detail` (`id`,`round_record_id`,`user_id`,`score`) VALUES (1000000000000223,2000000000000016,1000000000000014,10);
INSERT INTO `round_record_detail` (`id`,`round_record_id`,`user_id`,`score`) VALUES (1000000000000224,2000000000000016,1000000000000015,20);
INSERT INTO `round_record` (`id`,`room_id`,`status`,`input_method`,`trust_mode`,`zero_sum_required`,`created_by`,`total_score`,`rejected_by`,`applied_at`,`created_at`) VALUES (2000000000000017,1000000000000136,3,1,1,1,1000000000000010,0,NULL,'2026-05-15 15:30:30','2026-05-15 15:30:00');
INSERT INTO `round_record_detail` (`id`,`round_record_id`,`user_id`,`score`) VALUES (1000000000000225,2000000000000017,1000000000000010,-20);
INSERT INTO `round_record_detail` (`id`,`round_record_id`,`user_id`,`score`) VALUES (1000000000000226,2000000000000017,1000000000000011,-30);
INSERT INTO `round_record_detail` (`id`,`round_record_id`,`user_id`,`score`) VALUES (1000000000000227,2000000000000017,1000000000000012,50);
INSERT INTO `round_record_detail` (`id`,`round_record_id`,`user_id`,`score`) VALUES (1000000000000228,2000000000000017,1000000000000013,0);
INSERT INTO `round_record_detail` (`id`,`round_record_id`,`user_id`,`score`) VALUES (1000000000000229,2000000000000017,1000000000000014,-10);
INSERT INTO `round_record_detail` (`id`,`round_record_id`,`user_id`,`score`) VALUES (1000000000000230,2000000000000017,1000000000000015,10);
INSERT INTO `round_record` (`id`,`room_id`,`status`,`input_method`,`trust_mode`,`zero_sum_required`,`created_by`,`total_score`,`rejected_by`,`applied_at`,`created_at`) VALUES (2000000000000018,1000000000000143,3,1,1,0,1000000000000016,10,NULL,'2026-04-20 18:10:30','2026-04-20 18:10:00');
INSERT INTO `round_record_detail` (`id`,`round_record_id`,`user_id`,`score`) VALUES (1000000000000231,2000000000000018,1000000000000016,120);
INSERT INTO `round_record_detail` (`id`,`round_record_id`,`user_id`,`score`) VALUES (1000000000000232,2000000000000018,1000000000000017,-60);
INSERT INTO `round_record_detail` (`id`,`round_record_id`,`user_id`,`score`) VALUES (1000000000000233,2000000000000018,1000000000000020,-40);
INSERT INTO `round_record_detail` (`id`,`round_record_id`,`user_id`,`score`) VALUES (1000000000000234,2000000000000018,1000000000000022,-10);
INSERT INTO `round_record` (`id`,`room_id`,`status`,`input_method`,`trust_mode`,`zero_sum_required`,`created_by`,`total_score`,`rejected_by`,`applied_at`,`created_at`) VALUES (2000000000000019,1000000000000143,3,1,1,0,1000000000000016,10,NULL,'2026-04-20 19:00:30','2026-04-20 19:00:00');
INSERT INTO `round_record_detail` (`id`,`round_record_id`,`user_id`,`score`) VALUES (1000000000000235,2000000000000019,1000000000000016,-80);
INSERT INTO `round_record_detail` (`id`,`round_record_id`,`user_id`,`score`) VALUES (1000000000000236,2000000000000019,1000000000000017,100);
INSERT INTO `round_record_detail` (`id`,`round_record_id`,`user_id`,`score`) VALUES (1000000000000237,2000000000000019,1000000000000020,-20);
INSERT INTO `round_record_detail` (`id`,`round_record_id`,`user_id`,`score`) VALUES (1000000000000238,2000000000000019,1000000000000022,10);
INSERT INTO `round_record` (`id`,`room_id`,`status`,`input_method`,`trust_mode`,`zero_sum_required`,`created_by`,`total_score`,`rejected_by`,`applied_at`,`created_at`) VALUES (2000000000000020,1000000000000148,3,1,1,1,1000000000000021,0,NULL,'2026-03-25 20:05:30','2026-03-25 20:05:00');
INSERT INTO `round_record_detail` (`id`,`round_record_id`,`user_id`,`score`) VALUES (1000000000000239,2000000000000020,1000000000000021,300);
INSERT INTO `round_record_detail` (`id`,`round_record_id`,`user_id`,`score`) VALUES (1000000000000240,2000000000000020,1000000000000023,-300);
INSERT INTO `round_record` (`id`,`room_id`,`status`,`input_method`,`trust_mode`,`zero_sum_required`,`created_by`,`total_score`,`rejected_by`,`applied_at`,`created_at`) VALUES (2000000000000021,1000000000000148,3,1,1,1,1000000000000021,0,NULL,'2026-03-25 20:40:30','2026-03-25 20:40:00');
INSERT INTO `round_record_detail` (`id`,`round_record_id`,`user_id`,`score`) VALUES (1000000000000241,2000000000000021,1000000000000021,-500);
INSERT INTO `round_record_detail` (`id`,`round_record_id`,`user_id`,`score`) VALUES (1000000000000242,2000000000000021,1000000000000023,500);
INSERT INTO `round_record` (`id`,`room_id`,`status`,`input_method`,`trust_mode`,`zero_sum_required`,`created_by`,`total_score`,`rejected_by`,`applied_at`,`created_at`) VALUES (2000000000000022,1000000000000148,3,1,1,1,1000000000000021,0,NULL,'2026-03-25 21:10:30','2026-03-25 21:10:00');
INSERT INTO `round_record_detail` (`id`,`round_record_id`,`user_id`,`score`) VALUES (1000000000000243,2000000000000022,1000000000000021,200);
INSERT INTO `round_record_detail` (`id`,`round_record_id`,`user_id`,`score`) VALUES (1000000000000244,2000000000000022,1000000000000023,-200);
INSERT INTO `round_record` (`id`,`room_id`,`status`,`input_method`,`trust_mode`,`zero_sum_required`,`created_by`,`total_score`,`rejected_by`,`applied_at`,`created_at`) VALUES (2000000000000023,1000000000000151,3,2,1,0,1000000000000024,10,NULL,'2026-04-10 15:10:30','2026-04-10 15:10:00');
INSERT INTO `round_record_detail` (`id`,`round_record_id`,`user_id`,`score`) VALUES (1000000000000245,2000000000000023,1000000000000024,80);
INSERT INTO `round_record_detail` (`id`,`round_record_id`,`user_id`,`score`) VALUES (1000000000000246,2000000000000023,1000000000000025,-50);
INSERT INTO `round_record_detail` (`id`,`round_record_id`,`user_id`,`score`) VALUES (1000000000000247,2000000000000023,1000000000000001,-20);
INSERT INTO `round_record` (`id`,`room_id`,`status`,`input_method`,`trust_mode`,`zero_sum_required`,`created_by`,`total_score`,`rejected_by`,`applied_at`,`created_at`) VALUES (2000000000000024,1000000000000151,3,2,1,0,1000000000000024,10,NULL,'2026-04-10 16:00:30','2026-04-10 16:00:00');
INSERT INTO `round_record_detail` (`id`,`round_record_id`,`user_id`,`score`) VALUES (1000000000000248,2000000000000024,1000000000000024,-60);
INSERT INTO `round_record_detail` (`id`,`round_record_id`,`user_id`,`score`) VALUES (1000000000000249,2000000000000024,1000000000000025,100);
INSERT INTO `round_record_detail` (`id`,`round_record_id`,`user_id`,`score`) VALUES (1000000000000250,2000000000000024,1000000000000001,-30);
INSERT INTO `round_record` (`id`,`room_id`,`status`,`input_method`,`trust_mode`,`zero_sum_required`,`created_by`,`total_score`,`rejected_by`,`applied_at`,`created_at`) VALUES (2000000000000025,1000000000000155,3,1,0,1,1000000000000002,0,NULL,'2026-06-01 10:15:00','2026-06-01 10:05:00');
INSERT INTO `round_record_detail` (`id`,`round_record_id`,`user_id`,`score`) VALUES (1000000000000251,2000000000000025,1000000000000002,60);
INSERT INTO `round_record_detail` (`id`,`round_record_id`,`user_id`,`score`) VALUES (1000000000000252,2000000000000025,1000000000000004,-20);
INSERT INTO `round_record_detail` (`id`,`round_record_id`,`user_id`,`score`) VALUES (1000000000000253,2000000000000025,1000000000000007,-30);
INSERT INTO `round_record_detail` (`id`,`round_record_id`,`user_id`,`score`) VALUES (1000000000000254,2000000000000025,1000000000000009,-10);
INSERT INTO `round_record` (`id`,`room_id`,`status`,`input_method`,`trust_mode`,`zero_sum_required`,`created_by`,`total_score`,`rejected_by`,`applied_at`,`created_at`) VALUES (2000000000000026,1000000000000155,3,1,0,1,1000000000000002,0,NULL,'2026-06-01 10:50:00','2026-06-01 10:40:00');
INSERT INTO `round_record_detail` (`id`,`round_record_id`,`user_id`,`score`) VALUES (1000000000000255,2000000000000026,1000000000000002,-40);
INSERT INTO `round_record_detail` (`id`,`round_record_id`,`user_id`,`score`) VALUES (1000000000000256,2000000000000026,1000000000000004,50);
INSERT INTO `round_record_detail` (`id`,`round_record_id`,`user_id`,`score`) VALUES (1000000000000257,2000000000000026,1000000000000007,-10);
INSERT INTO `round_record_detail` (`id`,`round_record_id`,`user_id`,`score`) VALUES (1000000000000258,2000000000000026,1000000000000009,0);
INSERT INTO `round_record` (`id`,`room_id`,`status`,`input_method`,`trust_mode`,`zero_sum_required`,`created_by`,`total_score`,`rejected_by`,`applied_at`,`created_at`) VALUES (2000000000000027,1000000000000155,3,1,0,1,1000000000000002,0,NULL,'2026-06-01 11:30:00','2026-06-01 11:20:00');
INSERT INTO `round_record_detail` (`id`,`round_record_id`,`user_id`,`score`) VALUES (1000000000000259,2000000000000027,1000000000000002,-20);
INSERT INTO `round_record_detail` (`id`,`round_record_id`,`user_id`,`score`) VALUES (1000000000000260,2000000000000027,1000000000000004,-30);
INSERT INTO `round_record_detail` (`id`,`round_record_id`,`user_id`,`score`) VALUES (1000000000000261,2000000000000027,1000000000000007,40);
INSERT INTO `round_record_detail` (`id`,`round_record_id`,`user_id`,`score`) VALUES (1000000000000262,2000000000000027,1000000000000009,10);
